2026-08-24 12:35:50,856:WARNING:
'cuml' is a soft dependency and not included in the pycaret installation. Please run: `pip install cuml` to install.
2026-08-24 12:35:50,856:WARNING:
'cuml' is a soft dependency and not included in the pycaret installation. Please run: `pip install cuml` to install.
2026-08-24 12:35:50,856:WARNING:
'cuml' is a soft dependency and not included in the pycaret installation. Please run: `pip install cuml` to install.
2026-08-24 12:35:50,856:WARNING:
'cuml' is a soft dependency and not included in the pycaret installation. Please run: `pip install cuml` to install.
2026-08-24 12:36:07,927:INFO:PyCaret ClassificationExperiment
2026-08-24 12:36:07,927:INFO:Logging name: clf-default-name
2026-08-24 12:36:07,927:INFO:ML Usecase: MLUsecase.CLASSIFICATION
2026-08-24 12:36:07,927:INFO:version 3.3.2
2026-08-24 12:36:07,927:INFO:Initializing setup()
2026-08-24 12:36:07,927:INFO:self.USI: 2090
2026-08-24 12:36:07,927:INFO:self._variable_keys: {'html_param', 'exp_name_log', 'memory', 'pipeline', 'data', 'y_test', 'y', 'fix_imbalance', 'X_test', 'gpu_n_jobs_param', 'y_train', 'X', 'is_multiclass', 'idx', 'n_jobs_param', 'log_plots_param', 'USI', 'X_train', '_available_plots', '_ml_usecase', 'gpu_param', 'fold_shuffle_param', 'target_param', 'fold_generator', 'exp_id', 'fold_groups_param', 'logging_param', 'seed'}
2026-08-24 12:36:07,927:INFO:Checking environment
2026-08-24 12:36:07,927:INFO:python_version: 3.10.20
2026-08-24 12:36:07,927:INFO:python_build: ('main', 'Jun 11 2026 15:14:28')
2026-08-24 12:36:07,927:INFO:machine: arm64
2026-08-24 12:36:07,927:INFO:platform: macOS-26.5.2-arm64-arm-64bit
2026-08-24 12:36:07,927:INFO:Memory: svmem(total=8589934592, available=2384003072, percent=72.2, used=3959209984, free=91734016, active=2298675200, inactive=2261663744, wired=1660534784)
2026-08-24 12:36:07,927:INFO:Physical Core: 8
2026-08-24 12:36:07,927:INFO:Logical Core: 8
2026-08-24 12:36:07,927:INFO:Checking libraries
2026-08-24 12:36:07,927:INFO:System:
2026-08-24 12:36:07,927:INFO:    python: 3.10.20 (main, Jun 11 2026, 15:14:28) [Clang 20.1.8 ]
2026-08-24 12:36:07,927:INFO:executable: /opt/anaconda3/envs/my_pycaret/bin/python3.10
2026-08-24 12:36:07,927:INFO:   machine: macOS-26.5.2-arm64-arm-64bit
2026-08-24 12:36:07,927:INFO:PyCaret required dependencies:
2026-08-24 12:36:07,928:WARNING:/opt/anaconda3/envs/my_pycaret/lib/python3.10/site-packages/_distutils_hack/__init__.py:30: UserWarning: Setuptools is replacing distutils. Support for replacing an already imported distutils is deprecated. In the future, this condition will fail. Register concerns at https://github.com/pypa/setuptools/issues/new?template=distutils-deprecation.yml
  warnings.warn(

2026-08-24 12:38:03,793:INFO:PyCaret ClassificationExperiment
2026-08-24 12:38:03,794:INFO:Logging name: clf-default-name
2026-08-24 12:38:03,794:INFO:ML Usecase: MLUsecase.CLASSIFICATION
2026-08-24 12:38:03,794:INFO:version 3.3.2
2026-08-24 12:38:03,794:INFO:Initializing setup()
2026-08-24 12:38:03,794:INFO:self.USI: d216
2026-08-24 12:38:03,794:INFO:self._variable_keys: {'html_param', 'exp_name_log', 'memory', 'pipeline', 'data', 'y_test', 'y', 'fix_imbalance', 'X_test', 'gpu_n_jobs_param', 'y_train', 'X', 'is_multiclass', 'idx', 'n_jobs_param', 'log_plots_param', 'USI', 'X_train', '_available_plots', '_ml_usecase', 'gpu_param', 'fold_shuffle_param', 'target_param', 'fold_generator', 'exp_id', 'fold_groups_param', 'logging_param', 'seed'}
2026-08-24 12:38:03,794:INFO:Checking environment
2026-08-24 12:38:03,795:INFO:python_version: 3.10.20
2026-08-24 12:38:03,795:INFO:python_build: ('main', 'Jun 11 2026 15:14:28')
2026-08-24 12:38:03,795:INFO:machine: arm64
2026-08-24 12:38:03,795:INFO:platform: macOS-26.5.2-arm64-arm-64bit
2026-08-24 12:38:03,795:INFO:Memory: svmem(total=8589934592, available=2343714816, percent=72.7, used=3946905600, free=64356352, active=2294284288, inactive=2278162432, wired=1652621312)
2026-08-24 12:38:03,795:INFO:Physical Core: 8
2026-08-24 12:38:03,795:INFO:Logical Core: 8
2026-08-24 12:38:03,795:INFO:Checking libraries
2026-08-24 12:38:03,795:INFO:System:
2026-08-24 12:38:03,796:INFO:    python: 3.10.20 (main, Jun 11 2026, 15:14:28) [Clang 20.1.8 ]
2026-08-24 12:38:03,796:INFO:executable: /opt/anaconda3/envs/my_pycaret/bin/python3.10
2026-08-24 12:38:03,796:INFO:   machine: macOS-26.5.2-arm64-arm-64bit
2026-08-24 12:38:03,796:INFO:PyCaret required dependencies:
2026-08-24 12:44:13,205:WARNING:
'cuml' is a soft dependency and not included in the pycaret installation. Please run: `pip install cuml` to install.
2026-08-24 12:44:13,206:WARNING:
'cuml' is a soft dependency and not included in the pycaret installation. Please run: `pip install cuml` to install.
2026-08-24 12:44:13,206:WARNING:
'cuml' is a soft dependency and not included in the pycaret installation. Please run: `pip install cuml` to install.
2026-08-24 12:44:13,206:WARNING:
'cuml' is a soft dependency and not included in the pycaret installation. Please run: `pip install cuml` to install.
2026-08-24 12:44:13,761:INFO:PyCaret ClassificationExperiment
2026-08-24 12:44:13,761:INFO:Logging name: clf-default-name
2026-08-24 12:44:13,762:INFO:ML Usecase: MLUsecase.CLASSIFICATION
2026-08-24 12:44:13,762:INFO:version 3.3.2
2026-08-24 12:44:13,762:INFO:Initializing setup()
2026-08-24 12:44:13,762:INFO:self.USI: 582e
2026-08-24 12:44:13,762:INFO:self._variable_keys: {'data', 'is_multiclass', '_ml_usecase', 'seed', 'gpu_n_jobs_param', 'USI', 'exp_name_log', 'pipeline', 'X_test', 'y', 'idx', 'y_train', 'logging_param', 'gpu_param', '_available_plots', 'fold_shuffle_param', 'fold_generator', 'n_jobs_param', 'fold_groups_param', 'html_param', 'memory', 'exp_id', 'X', 'fix_imbalance', 'log_plots_param', 'target_param', 'X_train', 'y_test'}
2026-08-24 12:44:13,762:INFO:Checking environment
2026-08-24 12:44:13,762:INFO:python_version: 3.10.20
2026-08-24 12:44:13,762:INFO:python_build: ('main', 'Jun 11 2026 15:14:28')
2026-08-24 12:44:13,762:INFO:machine: arm64
2026-08-24 12:44:13,762:INFO:platform: macOS-26.5.2-arm64-arm-64bit
2026-08-24 12:44:13,762:INFO:Memory: svmem(total=8589934592, available=2264743936, percent=73.6, used=3844210688, free=66289664, active=2219753472, inactive=2114846720, wired=1624457216)
2026-08-24 12:44:13,762:INFO:Physical Core: 8
2026-08-24 12:44:13,762:INFO:Logical Core: 8
2026-08-24 12:44:13,762:INFO:Checking libraries
2026-08-24 12:44:13,762:INFO:System:
2026-08-24 12:44:13,762:INFO:    python: 3.10.20 (main, Jun 11 2026, 15:14:28) [Clang 20.1.8 ]
2026-08-24 12:44:13,762:INFO:executable: /opt/anaconda3/envs/my_pycaret/bin/python3.10
2026-08-24 12:44:13,762:INFO:   machine: macOS-26.5.2-arm64-arm-64bit
2026-08-24 12:44:13,762:INFO:PyCaret required dependencies:
2026-08-24 12:44:13,763:WARNING:/opt/anaconda3/envs/my_pycaret/lib/python3.10/site-packages/_distutils_hack/__init__.py:30: UserWarning: Setuptools is replacing distutils. Support for replacing an already imported distutils is deprecated. In the future, this condition will fail. Register concerns at https://github.com/pypa/setuptools/issues/new?template=distutils-deprecation.yml
  warnings.warn(

2026-08-24 12:44:38,149:WARNING:
'cuml' is a soft dependency and not included in the pycaret installation. Please run: `pip install cuml` to install.
2026-08-24 12:44:38,149:WARNING:
'cuml' is a soft dependency and not included in the pycaret installation. Please run: `pip install cuml` to install.
2026-08-24 12:44:38,149:WARNING:
'cuml' is a soft dependency and not included in the pycaret installation. Please run: `pip install cuml` to install.
2026-08-24 12:44:38,149:WARNING:
'cuml' is a soft dependency and not included in the pycaret installation. Please run: `pip install cuml` to install.
2026-08-24 12:44:43,843:INFO:PyCaret ClassificationExperiment
2026-08-24 12:44:43,843:INFO:Logging name: clf-default-name
2026-08-24 12:44:43,843:INFO:ML Usecase: MLUsecase.CLASSIFICATION
2026-08-24 12:44:43,843:INFO:version 3.3.2
2026-08-24 12:44:43,843:INFO:Initializing setup()
2026-08-24 12:44:43,843:INFO:self.USI: d560
2026-08-24 12:44:43,843:INFO:self._variable_keys: {'memory', 'gpu_n_jobs_param', 'pipeline', 'idx', 'exp_id', 'y', 'X_test', '_available_plots', 'y_train', 'fold_groups_param', 'n_jobs_param', 'X', 'is_multiclass', 'USI', 'data', 'seed', '_ml_usecase', 'gpu_param', 'X_train', 'fix_imbalance', 'log_plots_param', 'fold_shuffle_param', 'target_param', 'html_param', 'exp_name_log', 'fold_generator', 'logging_param', 'y_test'}
2026-08-24 12:44:43,843:INFO:Checking environment
2026-08-24 12:44:43,843:INFO:python_version: 3.10.20
2026-08-24 12:44:43,843:INFO:python_build: ('main', 'Jun 11 2026 15:14:28')
2026-08-24 12:44:43,843:INFO:machine: arm64
2026-08-24 12:44:43,844:INFO:platform: macOS-26.5.2-arm64-arm-64bit
2026-08-24 12:44:43,844:INFO:Memory: svmem(total=8589934592, available=2332508160, percent=72.8, used=3725574144, free=120242176, active=2333147136, inactive=2153922560, wired=1392427008)
2026-08-24 12:44:43,844:INFO:Physical Core: 8
2026-08-24 12:44:43,844:INFO:Logical Core: 8
2026-08-24 12:44:43,844:INFO:Checking libraries
2026-08-24 12:44:43,844:INFO:System:
2026-08-24 12:44:43,844:INFO:    python: 3.10.20 (main, Jun 11 2026, 15:14:28) [Clang 20.1.8 ]
2026-08-24 12:44:43,844:INFO:executable: /opt/anaconda3/envs/my_pycaret/bin/python3.10
2026-08-24 12:44:43,844:INFO:   machine: macOS-26.5.2-arm64-arm-64bit
2026-08-24 12:44:43,844:INFO:PyCaret required dependencies:
2026-08-24 12:44:43,846:WARNING:/opt/anaconda3/envs/my_pycaret/lib/python3.10/site-packages/_distutils_hack/__init__.py:30: UserWarning: Setuptools is replacing distutils. Support for replacing an already imported distutils is deprecated. In the future, this condition will fail. Register concerns at https://github.com/pypa/setuptools/issues/new?template=distutils-deprecation.yml
  warnings.warn(

2026-08-24 12:53:45,851:WARNING:
'cuml' is a soft dependency and not included in the pycaret installation. Please run: `pip install cuml` to install.
2026-08-24 12:53:45,851:WARNING:
'cuml' is a soft dependency and not included in the pycaret installation. Please run: `pip install cuml` to install.
2026-08-24 12:53:45,851:WARNING:
'cuml' is a soft dependency and not included in the pycaret installation. Please run: `pip install cuml` to install.
2026-08-24 12:53:45,851:WARNING:
'cuml' is a soft dependency and not included in the pycaret installation. Please run: `pip install cuml` to install.
2026-08-24 12:53:50,546:INFO:PyCaret ClassificationExperiment
2026-08-24 12:53:50,546:INFO:Logging name: clf-default-name
2026-08-24 12:53:50,546:INFO:ML Usecase: MLUsecase.CLASSIFICATION
2026-08-24 12:53:50,546:INFO:version 3.3.2
2026-08-24 12:53:50,546:INFO:Initializing setup()
2026-08-24 12:53:50,546:INFO:self.USI: 01a8
2026-08-24 12:53:50,546:INFO:self._variable_keys: {'y', 'n_jobs_param', 'log_plots_param', 'fold_shuffle_param', 'X_test', 'is_multiclass', 'fold_generator', 'gpu_param', 'logging_param', 'exp_name_log', '_ml_usecase', 'fold_groups_param', 'memory', 'target_param', 'exp_id', 'gpu_n_jobs_param', 'html_param', 'pipeline', 'y_test', 'y_train', 'data', 'idx', 'X_train', '_available_plots', 'fix_imbalance', 'USI', 'X', 'seed'}
2026-08-24 12:53:50,546:INFO:Checking environment
2026-08-24 12:53:50,546:INFO:python_version: 3.10.20
2026-08-24 12:53:50,546:INFO:python_build: ('main', 'Jun 11 2026 15:14:28')
2026-08-24 12:53:50,546:INFO:machine: arm64
2026-08-24 12:53:50,546:INFO:platform: macOS-26.5.2-arm64-arm-64bit
2026-08-24 12:53:50,547:INFO:Memory: svmem(total=8589934592, available=2130067456, percent=75.2, used=3579658240, free=71434240, active=2168717312, inactive=1973911552, wired=1410940928)
2026-08-24 12:53:50,547:INFO:Physical Core: 8
2026-08-24 12:53:50,547:INFO:Logical Core: 8
2026-08-24 12:53:50,547:INFO:Checking libraries
2026-08-24 12:53:50,547:INFO:System:
2026-08-24 12:53:50,547:INFO:    python: 3.10.20 (main, Jun 11 2026, 15:14:28) [Clang 20.1.8 ]
2026-08-24 12:53:50,547:INFO:executable: /opt/anaconda3/envs/my_pycaret/bin/python3.10
2026-08-24 12:53:50,547:INFO:   machine: macOS-26.5.2-arm64-arm-64bit
2026-08-24 12:53:50,547:INFO:PyCaret required dependencies:
2026-08-24 12:53:50,548:WARNING:/opt/anaconda3/envs/my_pycaret/lib/python3.10/site-packages/_distutils_hack/__init__.py:30: UserWarning: Setuptools is replacing distutils. Support for replacing an already imported distutils is deprecated. In the future, this condition will fail. Register concerns at https://github.com/pypa/setuptools/issues/new?template=distutils-deprecation.yml
  warnings.warn(

2026-08-24 12:53:51,097:INFO:                 pip: 26.1.2
2026-08-24 12:53:51,098:INFO:          setuptools: 83.0.0
2026-08-24 12:53:51,098:INFO:             pycaret: 3.3.2
2026-08-24 12:53:51,098:INFO:             IPython: 8.39.0
2026-08-24 12:53:51,098:INFO:          ipywidgets: 8.1.9
2026-08-24 12:53:51,098:INFO:                tqdm: 4.70.0
2026-08-24 12:53:51,098:INFO:               numpy: 1.26.4
2026-08-24 12:53:51,098:INFO:              pandas: 2.1.4
2026-08-24 12:53:51,098:INFO:              jinja2: 3.1.6
2026-08-24 12:53:51,098:INFO:               scipy: 1.11.4
2026-08-24 12:53:51,098:INFO:              joblib: 1.3.2
2026-08-24 12:53:51,098:INFO:             sklearn: 1.4.2
2026-08-24 12:53:51,098:INFO:                pyod: 3.4.0
2026-08-24 12:53:51,098:INFO:            imblearn: 0.14.2
2026-08-24 12:53:51,098:INFO:   category_encoders: 2.7.0
2026-08-24 12:53:51,098:INFO:            lightgbm: 4.7.0
2026-08-24 12:53:51,098:INFO:               numba: 0.67.0
2026-08-24 12:53:51,098:INFO:            requests: 2.34.2
2026-08-24 12:53:51,098:INFO:          matplotlib: 3.7.5
2026-08-24 12:53:51,098:INFO:          scikitplot: 0.3.7
2026-08-24 12:53:51,098:INFO:         yellowbrick: 1.5
2026-08-24 12:53:51,098:INFO:              plotly: 6.9.0
2026-08-24 12:53:51,098:INFO:    plotly-resampler: Not installed
2026-08-24 12:53:51,098:INFO:             kaleido: 1.3.0
2026-08-24 12:53:51,098:INFO:           schemdraw: 0.15
2026-08-24 12:53:51,098:INFO:         statsmodels: 0.14.6
2026-08-24 12:53:51,098:INFO:              sktime: 0.26.0
2026-08-24 12:53:51,098:INFO:               tbats: 1.1.3
2026-08-24 12:53:51,098:INFO:            pmdarima: 2.0.4
2026-08-24 12:53:51,098:INFO:              psutil: 7.2.2
2026-08-24 12:53:51,098:INFO:          markupsafe: 3.0.3
2026-08-24 12:53:51,098:INFO:             pickle5: Not installed
2026-08-24 12:53:51,098:INFO:         cloudpickle: 3.1.2
2026-08-24 12:53:51,098:INFO:         deprecation: 2.1.0
2026-08-24 12:53:51,098:INFO:              xxhash: 4.0.1
2026-08-24 12:53:51,098:INFO:           wurlitzer: 3.1.1
2026-08-24 12:53:51,098:INFO:PyCaret optional dependencies:
2026-08-24 12:53:54,718:INFO:                shap: Not installed
2026-08-24 12:53:54,718:INFO:           interpret: Not installed
2026-08-24 12:53:54,718:INFO:                umap: Not installed
2026-08-24 12:53:54,718:INFO:     ydata_profiling: Not installed
2026-08-24 12:53:54,718:INFO:  explainerdashboard: Not installed
2026-08-24 12:53:54,718:INFO:             autoviz: Not installed
2026-08-24 12:53:54,718:INFO:           fairlearn: Not installed
2026-08-24 12:53:54,718:INFO:          deepchecks: Not installed
2026-08-24 12:53:54,718:INFO:             xgboost: Not installed
2026-08-24 12:53:54,718:INFO:            catboost: Not installed
2026-08-24 12:53:54,718:INFO:              kmodes: Not installed
2026-08-24 12:53:54,718:INFO:             mlxtend: Not installed
2026-08-24 12:53:54,718:INFO:       statsforecast: Not installed
2026-08-24 12:53:54,718:INFO:        tune_sklearn: Not installed
2026-08-24 12:53:54,718:INFO:                 ray: Not installed
2026-08-24 12:53:54,718:INFO:            hyperopt: Not installed
2026-08-24 12:53:54,718:INFO:              optuna: Not installed
2026-08-24 12:53:54,718:INFO:               skopt: Not installed
2026-08-24 12:53:54,718:INFO:              mlflow: Not installed
2026-08-24 12:53:54,718:INFO:              gradio: 6.25.0
2026-08-24 12:53:54,718:INFO:             fastapi: 0.141.1
2026-08-24 12:53:54,718:INFO:             uvicorn: 0.52.4
2026-08-24 12:53:54,718:INFO:              m2cgen: Not installed
2026-08-24 12:53:54,718:INFO:           evidently: Not installed
2026-08-24 12:53:54,718:INFO:               fugue: Not installed
2026-08-24 12:53:54,718:INFO:           streamlit: Not installed
2026-08-24 12:53:54,719:INFO:             prophet: Not installed
2026-08-24 12:53:54,719:INFO:None
2026-08-24 12:53:54,719:INFO:Set up data.
2026-08-24 13:01:33,146:WARNING:
'cuml' is a soft dependency and not included in the pycaret installation. Please run: `pip install cuml` to install.
2026-08-24 13:01:33,147:WARNING:
'cuml' is a soft dependency and not included in the pycaret installation. Please run: `pip install cuml` to install.
2026-08-24 13:01:33,147:WARNING:
'cuml' is a soft dependency and not included in the pycaret installation. Please run: `pip install cuml` to install.
2026-08-24 13:01:33,147:WARNING:
'cuml' is a soft dependency and not included in the pycaret installation. Please run: `pip install cuml` to install.
2026-08-24 13:01:35,513:INFO:PyCaret ClassificationExperiment
2026-08-24 13:01:35,513:INFO:Logging name: clf-default-name
2026-08-24 13:01:35,514:INFO:ML Usecase: MLUsecase.CLASSIFICATION
2026-08-24 13:01:35,514:INFO:version 3.3.2
2026-08-24 13:01:35,514:INFO:Initializing setup()
2026-08-24 13:01:35,514:INFO:self.USI: db35
2026-08-24 13:01:35,514:INFO:self._variable_keys: {'idx', 'y_train', 'fold_generator', '_available_plots', 'pipeline', 'log_plots_param', 'seed', 'X', 'fix_imbalance', 'USI', 'y_test', 'exp_name_log', 'gpu_param', '_ml_usecase', 'target_param', 'html_param', 'fold_shuffle_param', 'fold_groups_param', 'memory', 'X_train', 'data', 'is_multiclass', 'y', 'logging_param', 'X_test', 'n_jobs_param', 'gpu_n_jobs_param', 'exp_id'}
2026-08-24 13:01:35,514:INFO:Checking environment
2026-08-24 13:01:35,514:INFO:python_version: 3.10.20
2026-08-24 13:01:35,514:INFO:python_build: ('main', 'Jun 11 2026 15:14:28')
2026-08-24 13:01:35,514:INFO:machine: arm64
2026-08-24 13:01:35,514:INFO:platform: macOS-26.5.2-arm64-arm-64bit
2026-08-24 13:01:35,515:INFO:Memory: svmem(total=8589934592, available=2125398016, percent=75.3, used=3612524544, free=69419008, active=2071396352, inactive=1929428992, wired=1541128192)
2026-08-24 13:01:35,515:INFO:Physical Core: 8
2026-08-24 13:01:35,515:INFO:Logical Core: 8
2026-08-24 13:01:35,515:INFO:Checking libraries
2026-08-24 13:01:35,515:INFO:System:
2026-08-24 13:01:35,515:INFO:    python: 3.10.20 (main, Jun 11 2026, 15:14:28) [Clang 20.1.8 ]
2026-08-24 13:01:35,515:INFO:executable: /opt/anaconda3/envs/my_pycaret/bin/python3.10
2026-08-24 13:01:35,515:INFO:   machine: macOS-26.5.2-arm64-arm-64bit
2026-08-24 13:01:35,515:INFO:PyCaret required dependencies:
2026-08-24 13:01:35,517:WARNING:/opt/anaconda3/envs/my_pycaret/lib/python3.10/site-packages/_distutils_hack/__init__.py:30: UserWarning: Setuptools is replacing distutils. Support for replacing an already imported distutils is deprecated. In the future, this condition will fail. Register concerns at https://github.com/pypa/setuptools/issues/new?template=distutils-deprecation.yml
  warnings.warn(

2026-08-24 13:01:35,563:INFO:                 pip: 26.1.2
2026-08-24 13:01:35,563:INFO:          setuptools: 83.0.0
2026-08-24 13:01:35,563:INFO:             pycaret: 3.3.2
2026-08-24 13:01:35,563:INFO:             IPython: 8.39.0
2026-08-24 13:01:35,563:INFO:          ipywidgets: 8.1.9
2026-08-24 13:01:35,563:INFO:                tqdm: 4.70.0
2026-08-24 13:01:35,563:INFO:               numpy: 1.26.4
2026-08-24 13:01:35,563:INFO:              pandas: 2.1.4
2026-08-24 13:01:35,563:INFO:              jinja2: 3.1.6
2026-08-24 13:01:35,563:INFO:               scipy: 1.11.4
2026-08-24 13:01:35,563:INFO:              joblib: 1.3.2
2026-08-24 13:01:35,563:INFO:             sklearn: 1.4.2
2026-08-24 13:01:35,564:INFO:                pyod: 3.4.0
2026-08-24 13:01:35,564:INFO:            imblearn: 0.14.2
2026-08-24 13:01:35,564:INFO:   category_encoders: 2.7.0
2026-08-24 13:01:35,564:INFO:            lightgbm: 4.7.0
2026-08-24 13:01:35,564:INFO:               numba: 0.67.0
2026-08-24 13:01:35,564:INFO:            requests: 2.34.2
2026-08-24 13:01:35,564:INFO:          matplotlib: 3.7.5
2026-08-24 13:01:35,564:INFO:          scikitplot: 0.3.7
2026-08-24 13:01:35,564:INFO:         yellowbrick: 1.5
2026-08-24 13:01:35,564:INFO:              plotly: 6.9.0
2026-08-24 13:01:35,564:INFO:    plotly-resampler: Not installed
2026-08-24 13:01:35,564:INFO:             kaleido: 1.3.0
2026-08-24 13:01:35,564:INFO:           schemdraw: 0.15
2026-08-24 13:01:35,564:INFO:         statsmodels: 0.14.6
2026-08-24 13:01:35,564:INFO:              sktime: 0.26.0
2026-08-24 13:01:35,564:INFO:               tbats: 1.1.3
2026-08-24 13:01:35,564:INFO:            pmdarima: 2.0.4
2026-08-24 13:01:35,564:INFO:              psutil: 7.2.2
2026-08-24 13:01:35,564:INFO:          markupsafe: 3.0.3
2026-08-24 13:01:35,564:INFO:             pickle5: Not installed
2026-08-24 13:01:35,564:INFO:         cloudpickle: 3.1.2
2026-08-24 13:01:35,564:INFO:         deprecation: 2.1.0
2026-08-24 13:01:35,564:INFO:              xxhash: 4.0.1
2026-08-24 13:01:35,564:INFO:           wurlitzer: 3.1.1
2026-08-24 13:01:35,564:INFO:PyCaret optional dependencies:
2026-08-24 13:01:36,946:INFO:                shap: Not installed
2026-08-24 13:01:36,946:INFO:           interpret: Not installed
2026-08-24 13:01:36,946:INFO:                umap: Not installed
2026-08-24 13:01:36,946:INFO:     ydata_profiling: Not installed
2026-08-24 13:01:36,946:INFO:  explainerdashboard: Not installed
2026-08-24 13:01:36,946:INFO:             autoviz: Not installed
2026-08-24 13:01:36,946:INFO:           fairlearn: Not installed
2026-08-24 13:01:36,946:INFO:          deepchecks: Not installed
2026-08-24 13:01:36,946:INFO:             xgboost: Not installed
2026-08-24 13:01:36,946:INFO:            catboost: Not installed
2026-08-24 13:01:36,946:INFO:              kmodes: Not installed
2026-08-24 13:01:36,946:INFO:             mlxtend: Not installed
2026-08-24 13:01:36,946:INFO:       statsforecast: Not installed
2026-08-24 13:01:36,946:INFO:        tune_sklearn: Not installed
2026-08-24 13:01:36,946:INFO:                 ray: Not installed
2026-08-24 13:01:36,946:INFO:            hyperopt: Not installed
2026-08-24 13:01:36,946:INFO:              optuna: Not installed
2026-08-24 13:01:36,946:INFO:               skopt: Not installed
2026-08-24 13:01:36,946:INFO:              mlflow: Not installed
2026-08-24 13:01:36,946:INFO:              gradio: 6.25.0
2026-08-24 13:01:36,946:INFO:             fastapi: 0.141.1
2026-08-24 13:01:36,946:INFO:             uvicorn: 0.52.4
2026-08-24 13:01:36,946:INFO:              m2cgen: Not installed
2026-08-24 13:01:36,946:INFO:           evidently: Not installed
2026-08-24 13:01:36,946:INFO:               fugue: Not installed
2026-08-24 13:01:36,946:INFO:           streamlit: Not installed
2026-08-24 13:01:36,946:INFO:             prophet: Not installed
2026-08-24 13:01:36,946:INFO:None
2026-08-24 13:01:36,946:INFO:Set up data.
2026-08-24 13:02:28,889:INFO:PyCaret ClassificationExperiment
2026-08-24 13:02:28,889:INFO:Logging name: clf-default-name
2026-08-24 13:02:28,889:INFO:ML Usecase: MLUsecase.CLASSIFICATION
2026-08-24 13:02:28,889:INFO:version 3.3.2
2026-08-24 13:02:28,889:INFO:Initializing setup()
2026-08-24 13:02:28,889:INFO:self.USI: ce86
2026-08-24 13:02:28,889:INFO:self._variable_keys: {'idx', 'y_train', 'fold_generator', '_available_plots', 'pipeline', 'log_plots_param', 'seed', 'X', 'fix_imbalance', 'USI', 'y_test', 'exp_name_log', 'gpu_param', '_ml_usecase', 'target_param', 'html_param', 'fold_shuffle_param', 'fold_groups_param', 'memory', 'X_train', 'data', 'is_multiclass', 'y', 'logging_param', 'X_test', 'n_jobs_param', 'gpu_n_jobs_param', 'exp_id'}
2026-08-24 13:02:28,890:INFO:Checking environment
2026-08-24 13:02:28,890:INFO:python_version: 3.10.20
2026-08-24 13:02:28,890:INFO:python_build: ('main', 'Jun 11 2026 15:14:28')
2026-08-24 13:02:28,890:INFO:machine: arm64
2026-08-24 13:02:28,890:INFO:platform: macOS-26.5.2-arm64-arm-64bit
2026-08-24 13:02:28,890:INFO:Memory: svmem(total=8589934592, available=2118729728, percent=75.3, used=3576332288, free=64962560, active=2062778368, inactive=2047115264, wired=1513553920)
2026-08-24 13:02:28,890:INFO:Physical Core: 8
2026-08-24 13:02:28,890:INFO:Logical Core: 8
2026-08-24 13:02:28,890:INFO:Checking libraries
2026-08-24 13:02:28,891:INFO:System:
2026-08-24 13:02:28,891:INFO:    python: 3.10.20 (main, Jun 11 2026, 15:14:28) [Clang 20.1.8 ]
2026-08-24 13:02:28,891:INFO:executable: /opt/anaconda3/envs/my_pycaret/bin/python3.10
2026-08-24 13:02:28,891:INFO:   machine: macOS-26.5.2-arm64-arm-64bit
2026-08-24 13:02:28,891:INFO:PyCaret required dependencies:
2026-08-24 13:02:28,891:INFO:                 pip: 26.1.2
2026-08-24 13:02:28,891:INFO:          setuptools: 83.0.0
2026-08-24 13:02:28,891:INFO:             pycaret: 3.3.2
2026-08-24 13:02:28,891:INFO:             IPython: 8.39.0
2026-08-24 13:02:28,891:INFO:          ipywidgets: 8.1.9
2026-08-24 13:02:28,891:INFO:                tqdm: 4.70.0
2026-08-24 13:02:28,891:INFO:               numpy: 1.26.4
2026-08-24 13:02:28,892:INFO:              pandas: 2.1.4
2026-08-24 13:02:28,892:INFO:              jinja2: 3.1.6
2026-08-24 13:02:28,892:INFO:               scipy: 1.11.4
2026-08-24 13:02:28,892:INFO:              joblib: 1.3.2
2026-08-24 13:02:28,892:INFO:             sklearn: 1.4.2
2026-08-24 13:02:28,892:INFO:                pyod: 3.4.0
2026-08-24 13:02:28,892:INFO:            imblearn: 0.14.2
2026-08-24 13:02:28,892:INFO:   category_encoders: 2.7.0
2026-08-24 13:02:28,892:INFO:            lightgbm: 4.7.0
2026-08-24 13:02:28,892:INFO:               numba: 0.67.0
2026-08-24 13:02:28,892:INFO:            requests: 2.34.2
2026-08-24 13:02:28,892:INFO:          matplotlib: 3.7.5
2026-08-24 13:02:28,892:INFO:          scikitplot: 0.3.7
2026-08-24 13:02:28,892:INFO:         yellowbrick: 1.5
2026-08-24 13:02:28,892:INFO:              plotly: 6.9.0
2026-08-24 13:02:28,893:INFO:    plotly-resampler: Not installed
2026-08-24 13:02:28,893:INFO:             kaleido: 1.3.0
2026-08-24 13:02:28,893:INFO:           schemdraw: 0.15
2026-08-24 13:02:28,893:INFO:         statsmodels: 0.14.6
2026-08-24 13:02:28,893:INFO:              sktime: 0.26.0
2026-08-24 13:02:28,893:INFO:               tbats: 1.1.3
2026-08-24 13:02:28,893:INFO:            pmdarima: 2.0.4
2026-08-24 13:02:28,893:INFO:              psutil: 7.2.2
2026-08-24 13:02:28,893:INFO:          markupsafe: 3.0.3
2026-08-24 13:02:28,893:INFO:             pickle5: Not installed
2026-08-24 13:02:28,893:INFO:         cloudpickle: 3.1.2
2026-08-24 13:02:28,893:INFO:         deprecation: 2.1.0
2026-08-24 13:02:28,893:INFO:              xxhash: 4.0.1
2026-08-24 13:02:28,893:INFO:           wurlitzer: 3.1.1
2026-08-24 13:02:28,893:INFO:PyCaret optional dependencies:
2026-08-24 13:02:28,894:INFO:                shap: Not installed
2026-08-24 13:02:28,894:INFO:           interpret: Not installed
2026-08-24 13:02:28,894:INFO:                umap: Not installed
2026-08-24 13:02:28,894:INFO:     ydata_profiling: Not installed
2026-08-24 13:02:28,894:INFO:  explainerdashboard: Not installed
2026-08-24 13:02:28,894:INFO:             autoviz: Not installed
2026-08-24 13:02:28,894:INFO:           fairlearn: Not installed
2026-08-24 13:02:28,894:INFO:          deepchecks: Not installed
2026-08-24 13:02:28,894:INFO:             xgboost: Not installed
2026-08-24 13:02:28,894:INFO:            catboost: Not installed
2026-08-24 13:02:28,894:INFO:              kmodes: Not installed
2026-08-24 13:02:28,894:INFO:             mlxtend: Not installed
2026-08-24 13:02:28,894:INFO:       statsforecast: Not installed
2026-08-24 13:02:28,894:INFO:        tune_sklearn: Not installed
2026-08-24 13:02:28,895:INFO:                 ray: Not installed
2026-08-24 13:02:28,895:INFO:            hyperopt: Not installed
2026-08-24 13:02:28,895:INFO:              optuna: Not installed
2026-08-24 13:02:28,895:INFO:               skopt: Not installed
2026-08-24 13:02:28,895:INFO:              mlflow: Not installed
2026-08-24 13:02:28,895:INFO:              gradio: 6.25.0
2026-08-24 13:02:28,895:INFO:             fastapi: 0.141.1
2026-08-24 13:02:28,895:INFO:             uvicorn: 0.52.4
2026-08-24 13:02:28,895:INFO:              m2cgen: Not installed
2026-08-24 13:02:28,895:INFO:           evidently: Not installed
2026-08-24 13:02:28,895:INFO:               fugue: Not installed
2026-08-24 13:02:28,895:INFO:           streamlit: Not installed
2026-08-24 13:02:28,895:INFO:             prophet: Not installed
2026-08-24 13:02:28,895:INFO:None
2026-08-24 13:02:28,895:INFO:Set up data.
2026-08-24 13:02:28,912:INFO:Set up folding strategy.
2026-08-24 13:02:28,912:INFO:Set up train/test split.
2026-08-24 13:02:29,287:INFO:Set up index.
2026-08-24 13:02:29,288:INFO:Assigning column types.
2026-08-24 13:02:29,295:INFO:Engine successfully changes for model 'lr' to 'sklearn'.
2026-08-24 13:02:29,334:INFO:Engine for model 'knn' has not been set explicitly, hence returning None.
2026-08-24 13:02:29,337:INFO:Engine for model 'rbfsvm' has not been set explicitly, hence returning None.
2026-08-24 13:02:29,356:WARNING:
'xgboost' is a soft dependency and not included in the pycaret installation. Please run: `pip install xgboost` to install.
Alternately, you can install this by running `pip install pycaret[models]`
2026-08-24 13:02:29,356:WARNING:
'catboost' is a soft dependency and not included in the pycaret installation. Please run: `pip install catboost` to install.
Alternately, you can install this by running `pip install pycaret[models]`
2026-08-24 13:02:29,375:INFO:Engine for model 'knn' has not been set explicitly, hence returning None.
2026-08-24 13:02:29,375:INFO:Engine for model 'rbfsvm' has not been set explicitly, hence returning None.
2026-08-24 13:02:29,386:WARNING:
'xgboost' is a soft dependency and not included in the pycaret installation. Please run: `pip install xgboost` to install.
Alternately, you can install this by running `pip install pycaret[models]`
2026-08-24 13:02:29,386:WARNING:
'catboost' is a soft dependency and not included in the pycaret installation. Please run: `pip install catboost` to install.
Alternately, you can install this by running `pip install pycaret[models]`
2026-08-24 13:02:29,386:INFO:Engine successfully changes for model 'knn' to 'sklearn'.
2026-08-24 13:02:29,405:INFO:Engine for model 'rbfsvm' has not been set explicitly, hence returning None.
2026-08-24 13:02:29,416:WARNING:
'xgboost' is a soft dependency and not included in the pycaret installation. Please run: `pip install xgboost` to install.
Alternately, you can install this by running `pip install pycaret[models]`
2026-08-24 13:02:29,416:WARNING:
'catboost' is a soft dependency and not included in the pycaret installation. Please run: `pip install catboost` to install.
Alternately, you can install this by running `pip install pycaret[models]`
2026-08-24 13:02:29,435:INFO:Engine for model 'rbfsvm' has not been set explicitly, hence returning None.
2026-08-24 13:02:29,448:WARNING:
'xgboost' is a soft dependency and not included in the pycaret installation. Please run: `pip install xgboost` to install.
Alternately, you can install this by running `pip install pycaret[models]`
2026-08-24 13:02:29,448:WARNING:
'catboost' is a soft dependency and not included in the pycaret installation. Please run: `pip install catboost` to install.
Alternately, you can install this by running `pip install pycaret[models]`
2026-08-24 13:02:29,448:INFO:Engine successfully changes for model 'rbfsvm' to 'sklearn'.
2026-08-24 13:02:29,479:WARNING:
'xgboost' is a soft dependency and not included in the pycaret installation. Please run: `pip install xgboost` to install.
Alternately, you can install this by running `pip install pycaret[models]`
2026-08-24 13:02:29,479:WARNING:
'catboost' is a soft dependency and not included in the pycaret installation. Please run: `pip install catboost` to install.
Alternately, you can install this by running `pip install pycaret[models]`
2026-08-24 13:02:29,510:WARNING:
'xgboost' is a soft dependency and not included in the pycaret installation. Please run: `pip install xgboost` to install.
Alternately, you can install this by running `pip install pycaret[models]`
2026-08-24 13:02:29,510:WARNING:
'catboost' is a soft dependency and not included in the pycaret installation. Please run: `pip install catboost` to install.
Alternately, you can install this by running `pip install pycaret[models]`
2026-08-24 13:02:29,512:INFO:Preparing preprocessing pipeline...
2026-08-24 13:02:29,513:INFO:Set up label encoding.
2026-08-24 13:02:29,513:INFO:Set up simple imputation.
2026-08-24 13:02:29,515:INFO:Set up encoding of ordinal features.
2026-08-24 13:02:29,516:INFO:Set up encoding of categorical features.
2026-08-24 13:02:29,570:INFO:Finished creating preprocessing pipeline.
2026-08-24 13:02:29,583:INFO:Pipeline: Pipeline(memory=FastMemory(location=/var/folders/hk/9hpyz9ss1j9cykxdk1pcbhj00000gn/T/joblib),
         steps=[('label_encoding',
                 TransformerWrapperWithInverse(exclude=None, include=None,
                                               transformer=LabelEncoder())),
                ('numerical_imputer',
                 TransformerWrapper(exclude=None,
                                    include=['Applicant_ID', 'Applicant_Income',
                                             'Coapplicant_Income', 'Age',
                                             'Dependents', 'Credit_Sco...
                 TransformerWrapper(exclude=None,
                                    include=['Employment_Status',
                                             'Loan_Purpose', 'Property_Area',
                                             'Employer_Category'],
                                    transformer=OneHotEncoder(cols=['Employment_Status',
                                                                    'Loan_Purpose',
                                                                    'Property_Area',
                                                                    'Employer_Category'],
                                                              drop_invariant=False,
                                                              handle_missing='return_nan',
                                                              handle_unknown='value',
                                                              return_df=True,
                                                              use_cat_names=True,
                                                              verbose=0)))],
         verbose=False)
2026-08-24 13:02:29,583:INFO:Creating final display dataframe.
2026-08-24 13:02:29,728:INFO:Setup _display_container:                     Description             Value
0                    Session id               123
1                        Target     Loan_Approved
2                   Target type            Binary
3                Target mapping     No: 0, Yes: 1
4           Original data shape         (950, 20)
5        Transformed data shape         (950, 33)
6   Transformed train set shape         (665, 33)
7    Transformed test set shape         (285, 33)
8              Numeric features                12
9          Categorical features                 7
10     Rows with missing values             63.1%
11                   Preprocess              True
12              Imputation type            simple
13           Numeric imputation              mean
14       Categorical imputation              mode
15     Maximum one-hot encoding                25
16              Encoding method              None
17               Fold Generator   StratifiedKFold
18                  Fold Number                10
19                     CPU Jobs                -1
20                      Use GPU             False
21               Log Experiment             False
22              Experiment Name  clf-default-name
23                          USI              ce86
2026-08-24 13:02:29,762:WARNING:
'xgboost' is a soft dependency and not included in the pycaret installation. Please run: `pip install xgboost` to install.
Alternately, you can install this by running `pip install pycaret[models]`
2026-08-24 13:02:29,763:WARNING:
'catboost' is a soft dependency and not included in the pycaret installation. Please run: `pip install catboost` to install.
Alternately, you can install this by running `pip install pycaret[models]`
2026-08-24 13:02:29,794:WARNING:
'xgboost' is a soft dependency and not included in the pycaret installation. Please run: `pip install xgboost` to install.
Alternately, you can install this by running `pip install pycaret[models]`
2026-08-24 13:02:29,794:WARNING:
'catboost' is a soft dependency and not included in the pycaret installation. Please run: `pip install catboost` to install.
Alternately, you can install this by running `pip install pycaret[models]`
2026-08-24 13:02:29,795:INFO:setup() successfully completed in 0.91s...............
2026-08-24 13:08:59,860:WARNING:
'cuml' is a soft dependency and not included in the pycaret installation. Please run: `pip install cuml` to install.
2026-08-24 13:08:59,860:WARNING:
'cuml' is a soft dependency and not included in the pycaret installation. Please run: `pip install cuml` to install.
2026-08-24 13:08:59,860:WARNING:
'cuml' is a soft dependency and not included in the pycaret installation. Please run: `pip install cuml` to install.
2026-08-24 13:08:59,860:WARNING:
'cuml' is a soft dependency and not included in the pycaret installation. Please run: `pip install cuml` to install.
2026-08-24 13:12:05,165:INFO:PyCaret ClassificationExperiment
2026-08-24 13:12:05,166:INFO:Logging name: clf-default-name
2026-08-24 13:12:05,166:INFO:ML Usecase: MLUsecase.CLASSIFICATION
2026-08-24 13:12:05,166:INFO:version 3.3.2
2026-08-24 13:12:05,166:INFO:Initializing setup()
2026-08-24 13:12:05,166:INFO:self.USI: de1f
2026-08-24 13:12:05,167:INFO:self._variable_keys: {'idx', 'X', 'target_param', 'USI', 'is_multiclass', 'logging_param', 'y', 'memory', '_ml_usecase', 'y_test', 'fold_shuffle_param', 'fold_generator', 'y_train', 'seed', 'X_train', 'X_test', 'pipeline', 'exp_name_log', 'html_param', 'n_jobs_param', 'data', 'gpu_n_jobs_param', '_available_plots', 'gpu_param', 'fold_groups_param', 'log_plots_param', 'exp_id', 'fix_imbalance'}
2026-08-24 13:12:05,167:INFO:Checking environment
2026-08-24 13:12:05,167:INFO:python_version: 3.10.20
2026-08-24 13:12:05,167:INFO:python_build: ('main', 'Jun 11 2026 15:14:28')
2026-08-24 13:12:05,167:INFO:machine: arm64
2026-08-24 13:12:05,167:INFO:platform: macOS-26.5.2-arm64-arm-64bit
2026-08-24 13:12:05,167:INFO:Memory: svmem(total=8589934592, available=2102165504, percent=75.5, used=3593273344, free=64061440, active=2051047424, inactive=2035728384, wired=1542225920)
2026-08-24 13:12:05,167:INFO:Physical Core: 8
2026-08-24 13:12:05,167:INFO:Logical Core: 8
2026-08-24 13:12:05,167:INFO:Checking libraries
2026-08-24 13:12:05,167:INFO:System:
2026-08-24 13:12:05,167:INFO:    python: 3.10.20 (main, Jun 11 2026, 15:14:28) [Clang 20.1.8 ]
2026-08-24 13:12:05,167:INFO:executable: /opt/anaconda3/envs/my_pycaret/bin/python3.10
2026-08-24 13:12:05,167:INFO:   machine: macOS-26.5.2-arm64-arm-64bit
2026-08-24 13:12:05,167:INFO:PyCaret required dependencies:
2026-08-24 13:12:05,170:WARNING:/opt/anaconda3/envs/my_pycaret/lib/python3.10/site-packages/_distutils_hack/__init__.py:30: UserWarning: Setuptools is replacing distutils. Support for replacing an already imported distutils is deprecated. In the future, this condition will fail. Register concerns at https://github.com/pypa/setuptools/issues/new?template=distutils-deprecation.yml
  warnings.warn(

2026-08-24 13:12:05,220:INFO:                 pip: 26.1.2
2026-08-24 13:12:05,220:INFO:          setuptools: 83.0.0
2026-08-24 13:12:05,220:INFO:             pycaret: 3.3.2
2026-08-24 13:12:05,220:INFO:             IPython: 8.39.0
2026-08-24 13:12:05,220:INFO:          ipywidgets: 8.1.9
2026-08-24 13:12:05,220:INFO:                tqdm: 4.70.0
2026-08-24 13:12:05,220:INFO:               numpy: 1.26.4
2026-08-24 13:12:05,220:INFO:              pandas: 2.1.4
2026-08-24 13:12:05,220:INFO:              jinja2: 3.1.6
2026-08-24 13:12:05,220:INFO:               scipy: 1.11.4
2026-08-24 13:12:05,220:INFO:              joblib: 1.3.2
2026-08-24 13:12:05,220:INFO:             sklearn: 1.4.2
2026-08-24 13:12:05,220:INFO:                pyod: 3.4.0
2026-08-24 13:12:05,220:INFO:            imblearn: 0.14.2
2026-08-24 13:12:05,220:INFO:   category_encoders: 2.7.0
2026-08-24 13:12:05,220:INFO:            lightgbm: 4.7.0
2026-08-24 13:12:05,220:INFO:               numba: 0.67.0
2026-08-24 13:12:05,221:INFO:            requests: 2.34.2
2026-08-24 13:12:05,221:INFO:          matplotlib: 3.7.5
2026-08-24 13:12:05,221:INFO:          scikitplot: 0.3.7
2026-08-24 13:12:05,221:INFO:         yellowbrick: 1.5
2026-08-24 13:12:05,221:INFO:              plotly: 6.9.0
2026-08-24 13:12:05,221:INFO:    plotly-resampler: Not installed
2026-08-24 13:12:05,221:INFO:             kaleido: 1.3.0
2026-08-24 13:12:05,221:INFO:           schemdraw: 0.15
2026-08-24 13:12:05,221:INFO:         statsmodels: 0.14.6
2026-08-24 13:12:05,221:INFO:              sktime: 0.26.0
2026-08-24 13:12:05,221:INFO:               tbats: 1.1.3
2026-08-24 13:12:05,221:INFO:            pmdarima: 2.0.4
2026-08-24 13:12:05,221:INFO:              psutil: 7.2.2
2026-08-24 13:12:05,221:INFO:          markupsafe: 3.0.3
2026-08-24 13:12:05,221:INFO:             pickle5: Not installed
2026-08-24 13:12:05,221:INFO:         cloudpickle: 3.1.2
2026-08-24 13:12:05,221:INFO:         deprecation: 2.1.0
2026-08-24 13:12:05,221:INFO:              xxhash: 4.0.1
2026-08-24 13:12:05,221:INFO:           wurlitzer: 3.1.1
2026-08-24 13:12:05,221:INFO:PyCaret optional dependencies:
2026-08-24 13:12:06,651:INFO:                shap: Not installed
2026-08-24 13:12:06,651:INFO:           interpret: Not installed
2026-08-24 13:12:06,651:INFO:                umap: Not installed
2026-08-24 13:12:06,651:INFO:     ydata_profiling: Not installed
2026-08-24 13:12:06,651:INFO:  explainerdashboard: Not installed
2026-08-24 13:12:06,651:INFO:             autoviz: Not installed
2026-08-24 13:12:06,651:INFO:           fairlearn: Not installed
2026-08-24 13:12:06,651:INFO:          deepchecks: Not installed
2026-08-24 13:12:06,651:INFO:             xgboost: Not installed
2026-08-24 13:12:06,651:INFO:            catboost: Not installed
2026-08-24 13:12:06,651:INFO:              kmodes: Not installed
2026-08-24 13:12:06,651:INFO:             mlxtend: Not installed
2026-08-24 13:12:06,651:INFO:       statsforecast: Not installed
2026-08-24 13:12:06,651:INFO:        tune_sklearn: Not installed
2026-08-24 13:12:06,651:INFO:                 ray: Not installed
2026-08-24 13:12:06,651:INFO:            hyperopt: Not installed
2026-08-24 13:12:06,651:INFO:              optuna: Not installed
2026-08-24 13:12:06,651:INFO:               skopt: Not installed
2026-08-24 13:12:06,651:INFO:              mlflow: Not installed
2026-08-24 13:12:06,651:INFO:              gradio: 6.25.0
2026-08-24 13:12:06,651:INFO:             fastapi: 0.141.1
2026-08-24 13:12:06,651:INFO:             uvicorn: 0.52.4
2026-08-24 13:12:06,651:INFO:              m2cgen: Not installed
2026-08-24 13:12:06,651:INFO:           evidently: Not installed
2026-08-24 13:12:06,651:INFO:               fugue: Not installed
2026-08-24 13:12:06,651:INFO:           streamlit: Not installed
2026-08-24 13:12:06,651:INFO:             prophet: Not installed
2026-08-24 13:12:06,651:INFO:None
2026-08-24 13:12:06,651:INFO:Set up data.
2026-08-24 13:12:06,655:INFO:Set up folding strategy.
2026-08-24 13:12:06,655:INFO:Set up train/test split.
2026-08-24 13:12:06,666:INFO:Set up index.
2026-08-24 13:12:06,666:INFO:Assigning column types.
2026-08-24 13:12:06,667:INFO:Engine successfully changes for model 'lr' to 'sklearn'.
2026-08-24 13:12:06,685:INFO:Engine for model 'knn' has not been set explicitly, hence returning None.
2026-08-24 13:12:06,687:INFO:Engine for model 'rbfsvm' has not been set explicitly, hence returning None.
2026-08-24 13:12:06,702:WARNING:
'xgboost' is a soft dependency and not included in the pycaret installation. Please run: `pip install xgboost` to install.
Alternately, you can install this by running `pip install pycaret[models]`
2026-08-24 13:12:06,702:WARNING:
'catboost' is a soft dependency and not included in the pycaret installation. Please run: `pip install catboost` to install.
Alternately, you can install this by running `pip install pycaret[models]`
2026-08-24 13:12:06,720:INFO:Engine for model 'knn' has not been set explicitly, hence returning None.
2026-08-24 13:12:06,720:INFO:Engine for model 'rbfsvm' has not been set explicitly, hence returning None.
2026-08-24 13:12:06,732:WARNING:
'xgboost' is a soft dependency and not included in the pycaret installation. Please run: `pip install xgboost` to install.
Alternately, you can install this by running `pip install pycaret[models]`
2026-08-24 13:12:06,732:WARNING:
'catboost' is a soft dependency and not included in the pycaret installation. Please run: `pip install catboost` to install.
Alternately, you can install this by running `pip install pycaret[models]`
2026-08-24 13:12:06,732:INFO:Engine successfully changes for model 'knn' to 'sklearn'.
2026-08-24 13:12:06,750:INFO:Engine for model 'rbfsvm' has not been set explicitly, hence returning None.
2026-08-24 13:12:06,761:WARNING:
'xgboost' is a soft dependency and not included in the pycaret installation. Please run: `pip install xgboost` to install.
Alternately, you can install this by running `pip install pycaret[models]`
2026-08-24 13:12:06,761:WARNING:
'catboost' is a soft dependency and not included in the pycaret installation. Please run: `pip install catboost` to install.
Alternately, you can install this by running `pip install pycaret[models]`
2026-08-24 13:12:06,780:INFO:Engine for model 'rbfsvm' has not been set explicitly, hence returning None.
2026-08-24 13:12:06,791:WARNING:
'xgboost' is a soft dependency and not included in the pycaret installation. Please run: `pip install xgboost` to install.
Alternately, you can install this by running `pip install pycaret[models]`
2026-08-24 13:12:06,791:WARNING:
'catboost' is a soft dependency and not included in the pycaret installation. Please run: `pip install catboost` to install.
Alternately, you can install this by running `pip install pycaret[models]`
2026-08-24 13:12:06,791:INFO:Engine successfully changes for model 'rbfsvm' to 'sklearn'.
2026-08-24 13:12:06,820:WARNING:
'xgboost' is a soft dependency and not included in the pycaret installation. Please run: `pip install xgboost` to install.
Alternately, you can install this by running `pip install pycaret[models]`
2026-08-24 13:12:06,820:WARNING:
'catboost' is a soft dependency and not included in the pycaret installation. Please run: `pip install catboost` to install.
Alternately, you can install this by running `pip install pycaret[models]`
2026-08-24 13:12:06,849:WARNING:
'xgboost' is a soft dependency and not included in the pycaret installation. Please run: `pip install xgboost` to install.
Alternately, you can install this by running `pip install pycaret[models]`
2026-08-24 13:12:06,849:WARNING:
'catboost' is a soft dependency and not included in the pycaret installation. Please run: `pip install catboost` to install.
Alternately, you can install this by running `pip install pycaret[models]`
2026-08-24 13:12:06,851:INFO:Preparing preprocessing pipeline...
2026-08-24 13:12:06,852:INFO:Set up label encoding.
2026-08-24 13:12:06,852:INFO:Set up simple imputation.
2026-08-24 13:12:06,853:INFO:Set up encoding of ordinal features.
2026-08-24 13:12:06,855:INFO:Set up encoding of categorical features.
2026-08-24 13:12:06,900:INFO:Finished creating preprocessing pipeline.
2026-08-24 13:12:06,911:INFO:Pipeline: Pipeline(memory=FastMemory(location=/var/folders/hk/9hpyz9ss1j9cykxdk1pcbhj00000gn/T/joblib),
         steps=[('label_encoding',
                 TransformerWrapperWithInverse(exclude=None, include=None,
                                               transformer=LabelEncoder())),
                ('numerical_imputer',
                 TransformerWrapper(exclude=None,
                                    include=['Applicant_ID', 'Applicant_Income',
                                             'Coapplicant_Income', 'Age',
                                             'Dependents', 'Credit_Sco...
                 TransformerWrapper(exclude=None,
                                    include=['Employment_Status',
                                             'Loan_Purpose', 'Property_Area',
                                             'Employer_Category'],
                                    transformer=OneHotEncoder(cols=['Employment_Status',
                                                                    'Loan_Purpose',
                                                                    'Property_Area',
                                                                    'Employer_Category'],
                                                              drop_invariant=False,
                                                              handle_missing='return_nan',
                                                              handle_unknown='value',
                                                              return_df=True,
                                                              use_cat_names=True,
                                                              verbose=0)))],
         verbose=False)
2026-08-24 13:12:06,911:INFO:Creating final display dataframe.
2026-08-24 13:12:07,047:INFO:Setup _display_container:                     Description             Value
0                    Session id               123
1                        Target     Loan_Approved
2                   Target type            Binary
3                Target mapping     No: 0, Yes: 1
4           Original data shape         (950, 20)
5        Transformed data shape         (950, 33)
6   Transformed train set shape         (665, 33)
7    Transformed test set shape         (285, 33)
8               Ignore features                 1
9              Numeric features                12
10         Categorical features                 7
11     Rows with missing values             63.1%
12                   Preprocess              True
13              Imputation type            simple
14           Numeric imputation              mean
15       Categorical imputation              mode
16     Maximum one-hot encoding                25
17              Encoding method              None
18               Fold Generator   StratifiedKFold
19                  Fold Number                10
20                     CPU Jobs                -1
21                      Use GPU             False
22               Log Experiment             False
23              Experiment Name  clf-default-name
24                          USI              de1f
2026-08-24 13:12:07,080:WARNING:
'xgboost' is a soft dependency and not included in the pycaret installation. Please run: `pip install xgboost` to install.
Alternately, you can install this by running `pip install pycaret[models]`
2026-08-24 13:12:07,081:WARNING:
'catboost' is a soft dependency and not included in the pycaret installation. Please run: `pip install catboost` to install.
Alternately, you can install this by running `pip install pycaret[models]`
2026-08-24 13:12:07,112:WARNING:
'xgboost' is a soft dependency and not included in the pycaret installation. Please run: `pip install xgboost` to install.
Alternately, you can install this by running `pip install pycaret[models]`
2026-08-24 13:12:07,112:WARNING:
'catboost' is a soft dependency and not included in the pycaret installation. Please run: `pip install catboost` to install.
Alternately, you can install this by running `pip install pycaret[models]`
2026-08-24 13:12:07,113:INFO:setup() successfully completed in 1.95s...............
2026-08-24 13:15:38,989:INFO:Initializing compare_models()
2026-08-24 13:15:38,990:INFO:compare_models(self=<pycaret.classification.oop.ClassificationExperiment object at 0x15e8629e0>, include=None, fold=None, round=4, cross_validation=True, sort=Accuracy, n_select=1, budget_time=None, turbo=True, errors=ignore, fit_kwargs=None, groups=None, experiment_custom_tags=None, probability_threshold=None, verbose=True, parallel=None, caller_params={'self': <pycaret.classification.oop.ClassificationExperiment object at 0x15e8629e0>, 'include': None, 'exclude': None, 'fold': None, 'round': 4, 'cross_validation': True, 'sort': 'Accuracy', 'n_select': 1, 'budget_time': None, 'turbo': True, 'errors': 'ignore', 'fit_kwargs': None, 'groups': None, 'experiment_custom_tags': None, 'probability_threshold': None, 'engine': None, 'verbose': True, 'parallel': None, '__class__': <class 'pycaret.classification.oop.ClassificationExperiment'>}, exclude=None)
2026-08-24 13:15:38,990:INFO:Checking exceptions
2026-08-24 13:15:39,006:INFO:Preparing display monitor
2026-08-24 13:15:39,467:INFO:Initializing Logistic Regression
2026-08-24 13:15:39,467:INFO:Total runtime is 3.2703081766764323e-06 minutes
2026-08-24 13:15:39,468:INFO:SubProcess create_model() called ==================================
2026-08-24 13:15:39,469:INFO:Initializing create_model()
2026-08-24 13:15:39,469:INFO:create_model(self=<pycaret.classification.oop.ClassificationExperiment object at 0x15e8629e0>, estimator=lr, fold=StratifiedKFold(n_splits=10, random_state=None, shuffle=False), round=4, cross_validation=True, predict=True, fit_kwargs={}, groups=None, refit=False, probability_threshold=None, experiment_custom_tags=None, verbose=False, system=False, add_to_model_list=True, metrics=None, display=<pycaret.internal.display.display.CommonDisplay object at 0x15e862a10>, model_only=True, return_train_score=False, error_score=0.0, kwargs={})
2026-08-24 13:15:39,469:INFO:Checking exceptions
2026-08-24 13:15:39,469:INFO:Importing libraries
2026-08-24 13:15:39,469:INFO:Copying training dataset
2026-08-24 13:15:39,479:INFO:Defining folds
2026-08-24 13:15:39,480:INFO:Declaring metric variables
2026-08-24 13:15:39,481:INFO:Importing untrained model
2026-08-24 13:15:39,484:INFO:Logistic Regression Imported successfully
2026-08-24 13:15:39,487:INFO:Starting cross validation
2026-08-24 13:15:39,490:INFO:Cross validating with StratifiedKFold(n_splits=10, random_state=None, shuffle=False), n_jobs=-1
2026-08-24 13:15:42,414:WARNING:/opt/anaconda3/envs/my_pycaret/lib/python3.10/site-packages/_distutils_hack/__init__.py:30: UserWarning: Setuptools is replacing distutils. Support for replacing an already imported distutils is deprecated. In the future, this condition will fail. Register concerns at https://github.com/pypa/setuptools/issues/new?template=distutils-deprecation.yml
  warnings.warn(

2026-08-24 13:15:42,450:WARNING:/opt/anaconda3/envs/my_pycaret/lib/python3.10/site-packages/_distutils_hack/__init__.py:30: UserWarning: Setuptools is replacing distutils. Support for replacing an already imported distutils is deprecated. In the future, this condition will fail. Register concerns at https://github.com/pypa/setuptools/issues/new?template=distutils-deprecation.yml
  warnings.warn(

2026-08-24 13:15:42,491:WARNING:/opt/anaconda3/envs/my_pycaret/lib/python3.10/site-packages/_distutils_hack/__init__.py:30: UserWarning: Setuptools is replacing distutils. Support for replacing an already imported distutils is deprecated. In the future, this condition will fail. Register concerns at https://github.com/pypa/setuptools/issues/new?template=distutils-deprecation.yml
  warnings.warn(

2026-08-24 13:15:42,503:WARNING:/opt/anaconda3/envs/my_pycaret/lib/python3.10/site-packages/_distutils_hack/__init__.py:30: UserWarning: Setuptools is replacing distutils. Support for replacing an already imported distutils is deprecated. In the future, this condition will fail. Register concerns at https://github.com/pypa/setuptools/issues/new?template=distutils-deprecation.yml
  warnings.warn(

2026-08-24 13:15:42,504:WARNING:/opt/anaconda3/envs/my_pycaret/lib/python3.10/site-packages/_distutils_hack/__init__.py:30: UserWarning: Setuptools is replacing distutils. Support for replacing an already imported distutils is deprecated. In the future, this condition will fail. Register concerns at https://github.com/pypa/setuptools/issues/new?template=distutils-deprecation.yml
  warnings.warn(

2026-08-24 13:15:42,522:WARNING:/opt/anaconda3/envs/my_pycaret/lib/python3.10/site-packages/_distutils_hack/__init__.py:30: UserWarning: Setuptools is replacing distutils. Support for replacing an already imported distutils is deprecated. In the future, this condition will fail. Register concerns at https://github.com/pypa/setuptools/issues/new?template=distutils-deprecation.yml
  warnings.warn(

2026-08-24 13:15:42,549:WARNING:/opt/anaconda3/envs/my_pycaret/lib/python3.10/site-packages/_distutils_hack/__init__.py:30: UserWarning: Setuptools is replacing distutils. Support for replacing an already imported distutils is deprecated. In the future, this condition will fail. Register concerns at https://github.com/pypa/setuptools/issues/new?template=distutils-deprecation.yml
  warnings.warn(

2026-08-24 13:15:42,558:WARNING:/opt/anaconda3/envs/my_pycaret/lib/python3.10/site-packages/_distutils_hack/__init__.py:30: UserWarning: Setuptools is replacing distutils. Support for replacing an already imported distutils is deprecated. In the future, this condition will fail. Register concerns at https://github.com/pypa/setuptools/issues/new?template=distutils-deprecation.yml
  warnings.warn(

2026-08-24 13:15:42,664:WARNING:/opt/anaconda3/envs/my_pycaret/lib/python3.10/site-packages/sklearn/linear_model/_logistic.py:469: ConvergenceWarning: lbfgs failed to converge (status=1):
STOP: TOTAL NO. of ITERATIONS REACHED LIMIT.

Increase the number of iterations (max_iter) or scale the data as shown in:
    https://scikit-learn.org/stable/modules/preprocessing.html
Please also refer to the documentation for alternative solver options:
    https://scikit-learn.org/stable/modules/linear_model.html#logistic-regression
  n_iter_i = _check_optimize_result(

2026-08-24 13:15:42,666:WARNING:/opt/anaconda3/envs/my_pycaret/lib/python3.10/site-packages/sklearn/linear_model/_logistic.py:469: ConvergenceWarning: lbfgs failed to converge (status=1):
STOP: TOTAL NO. of ITERATIONS REACHED LIMIT.

Increase the number of iterations (max_iter) or scale the data as shown in:
    https://scikit-learn.org/stable/modules/preprocessing.html
Please also refer to the documentation for alternative solver options:
    https://scikit-learn.org/stable/modules/linear_model.html#logistic-regression
  n_iter_i = _check_optimize_result(

2026-08-24 13:15:42,682:WARNING:/opt/anaconda3/envs/my_pycaret/lib/python3.10/site-packages/sklearn/metrics/_classification.py:1561: UserWarning: Note that pos_label (set to 'Yes') is ignored when average != 'binary' (got 'weighted'). You may use labels=[pos_label] to specify a single positive class.
  warnings.warn(

2026-08-24 13:15:42,684:WARNING:/opt/anaconda3/envs/my_pycaret/lib/python3.10/site-packages/sklearn/metrics/_classification.py:1561: UserWarning: Note that pos_label (set to 'Yes') is ignored when average != 'binary' (got 'weighted'). You may use labels=[pos_label] to specify a single positive class.
  warnings.warn(

2026-08-24 13:15:42,685:WARNING:/opt/anaconda3/envs/my_pycaret/lib/python3.10/site-packages/sklearn/metrics/_classification.py:1561: UserWarning: Note that pos_label (set to 'Yes') is ignored when average != 'binary' (got 'weighted'). You may use labels=[pos_label] to specify a single positive class.
  warnings.warn(

2026-08-24 13:15:42,689:WARNING:/opt/anaconda3/envs/my_pycaret/lib/python3.10/site-packages/sklearn/metrics/_classification.py:1561: UserWarning: Note that pos_label (set to 'Yes') is ignored when average != 'binary' (got 'weighted'). You may use labels=[pos_label] to specify a single positive class.
  warnings.warn(

2026-08-24 13:15:42,691:WARNING:/opt/anaconda3/envs/my_pycaret/lib/python3.10/site-packages/sklearn/metrics/_classification.py:1561: UserWarning: Note that pos_label (set to 'Yes') is ignored when average != 'binary' (got 'weighted'). You may use labels=[pos_label] to specify a single positive class.
  warnings.warn(

2026-08-24 13:15:42,693:WARNING:/opt/anaconda3/envs/my_pycaret/lib/python3.10/site-packages/sklearn/metrics/_classification.py:1561: UserWarning: Note that pos_label (set to 'Yes') is ignored when average != 'binary' (got 'weighted'). You may use labels=[pos_label] to specify a single positive class.
  warnings.warn(

2026-08-24 13:15:42,709:WARNING:/opt/anaconda3/envs/my_pycaret/lib/python3.10/site-packages/sklearn/linear_model/_logistic.py:469: ConvergenceWarning: lbfgs failed to converge (status=1):
STOP: TOTAL NO. of ITERATIONS REACHED LIMIT.

Increase the number of iterations (max_iter) or scale the data as shown in:
    https://scikit-learn.org/stable/modules/preprocessing.html
Please also refer to the documentation for alternative solver options:
    https://scikit-learn.org/stable/modules/linear_model.html#logistic-regression
  n_iter_i = _check_optimize_result(

2026-08-24 13:15:42,713:WARNING:/opt/anaconda3/envs/my_pycaret/lib/python3.10/site-packages/sklearn/linear_model/_logistic.py:469: ConvergenceWarning: lbfgs failed to converge (status=1):
STOP: TOTAL NO. of ITERATIONS REACHED LIMIT.

Increase the number of iterations (max_iter) or scale the data as shown in:
    https://scikit-learn.org/stable/modules/preprocessing.html
Please also refer to the documentation for alternative solver options:
    https://scikit-learn.org/stable/modules/linear_model.html#logistic-regression
  n_iter_i = _check_optimize_result(

2026-08-24 13:15:42,730:WARNING:/opt/anaconda3/envs/my_pycaret/lib/python3.10/site-packages/sklearn/linear_model/_logistic.py:469: ConvergenceWarning: lbfgs failed to converge (status=1):
STOP: TOTAL NO. of ITERATIONS REACHED LIMIT.

Increase the number of iterations (max_iter) or scale the data as shown in:
    https://scikit-learn.org/stable/modules/preprocessing.html
Please also refer to the documentation for alternative solver options:
    https://scikit-learn.org/stable/modules/linear_model.html#logistic-regression
  n_iter_i = _check_optimize_result(

2026-08-24 13:15:42,731:WARNING:/opt/anaconda3/envs/my_pycaret/lib/python3.10/site-packages/sklearn/linear_model/_logistic.py:469: ConvergenceWarning: lbfgs failed to converge (status=1):
STOP: TOTAL NO. of ITERATIONS REACHED LIMIT.

Increase the number of iterations (max_iter) or scale the data as shown in:
    https://scikit-learn.org/stable/modules/preprocessing.html
Please also refer to the documentation for alternative solver options:
    https://scikit-learn.org/stable/modules/linear_model.html#logistic-regression
  n_iter_i = _check_optimize_result(

2026-08-24 13:15:42,738:WARNING:/opt/anaconda3/envs/my_pycaret/lib/python3.10/site-packages/sklearn/metrics/_classification.py:1561: UserWarning: Note that pos_label (set to 'Yes') is ignored when average != 'binary' (got 'weighted'). You may use labels=[pos_label] to specify a single positive class.
  warnings.warn(

2026-08-24 13:15:42,739:WARNING:/opt/anaconda3/envs/my_pycaret/lib/python3.10/site-packages/sklearn/metrics/_classification.py:1561: UserWarning: Note that pos_label (set to 'Yes') is ignored when average != 'binary' (got 'weighted'). You may use labels=[pos_label] to specify a single positive class.
  warnings.warn(

2026-08-24 13:15:42,740:WARNING:/opt/anaconda3/envs/my_pycaret/lib/python3.10/site-packages/sklearn/metrics/_classification.py:1561: UserWarning: Note that pos_label (set to 'Yes') is ignored when average != 'binary' (got 'weighted'). You may use labels=[pos_label] to specify a single positive class.
  warnings.warn(

2026-08-24 13:15:42,740:WARNING:/opt/anaconda3/envs/my_pycaret/lib/python3.10/site-packages/sklearn/metrics/_classification.py:1561: UserWarning: Note that pos_label (set to 'Yes') is ignored when average != 'binary' (got 'weighted'). You may use labels=[pos_label] to specify a single positive class.
  warnings.warn(

2026-08-24 13:15:42,742:WARNING:/opt/anaconda3/envs/my_pycaret/lib/python3.10/site-packages/sklearn/metrics/_classification.py:1561: UserWarning: Note that pos_label (set to 'Yes') is ignored when average != 'binary' (got 'weighted'). You may use labels=[pos_label] to specify a single positive class.
  warnings.warn(

2026-08-24 13:15:42,742:WARNING:/opt/anaconda3/envs/my_pycaret/lib/python3.10/site-packages/sklearn/metrics/_classification.py:1561: UserWarning: Note that pos_label (set to 'Yes') is ignored when average != 'binary' (got 'weighted'). You may use labels=[pos_label] to specify a single positive class.
  warnings.warn(

2026-08-24 13:15:42,749:WARNING:/opt/anaconda3/envs/my_pycaret/lib/python3.10/site-packages/sklearn/metrics/_classification.py:1561: UserWarning: Note that pos_label (set to 'Yes') is ignored when average != 'binary' (got 'weighted'). You may use labels=[pos_label] to specify a single positive class.
  warnings.warn(

2026-08-24 13:15:42,754:WARNING:/opt/anaconda3/envs/my_pycaret/lib/python3.10/site-packages/sklearn/metrics/_classification.py:1561: UserWarning: Note that pos_label (set to 'Yes') is ignored when average != 'binary' (got 'weighted'). You may use labels=[pos_label] to specify a single positive class.
  warnings.warn(

2026-08-24 13:15:42,758:WARNING:/opt/anaconda3/envs/my_pycaret/lib/python3.10/site-packages/sklearn/metrics/_classification.py:1561: UserWarning: Note that pos_label (set to 'Yes') is ignored when average != 'binary' (got 'weighted'). You may use labels=[pos_label] to specify a single positive class.
  warnings.warn(

2026-08-24 13:15:42,763:WARNING:/opt/anaconda3/envs/my_pycaret/lib/python3.10/site-packages/sklearn/metrics/_classification.py:1561: UserWarning: Note that pos_label (set to 'Yes') is ignored when average != 'binary' (got 'weighted'). You may use labels=[pos_label] to specify a single positive class.
  warnings.warn(

2026-08-24 13:15:42,765:WARNING:/opt/anaconda3/envs/my_pycaret/lib/python3.10/site-packages/sklearn/metrics/_classification.py:1561: UserWarning: Note that pos_label (set to 'Yes') is ignored when average != 'binary' (got 'weighted'). You may use labels=[pos_label] to specify a single positive class.
  warnings.warn(

2026-08-24 13:15:42,769:WARNING:/opt/anaconda3/envs/my_pycaret/lib/python3.10/site-packages/sklearn/metrics/_classification.py:1561: UserWarning: Note that pos_label (set to 'Yes') is ignored when average != 'binary' (got 'weighted'). You may use labels=[pos_label] to specify a single positive class.
  warnings.warn(

2026-08-24 13:15:42,776:WARNING:/opt/anaconda3/envs/my_pycaret/lib/python3.10/site-packages/sklearn/linear_model/_logistic.py:469: ConvergenceWarning: lbfgs failed to converge (status=1):
STOP: TOTAL NO. of ITERATIONS REACHED LIMIT.

Increase the number of iterations (max_iter) or scale the data as shown in:
    https://scikit-learn.org/stable/modules/preprocessing.html
Please also refer to the documentation for alternative solver options:
    https://scikit-learn.org/stable/modules/linear_model.html#logistic-regression
  n_iter_i = _check_optimize_result(

2026-08-24 13:15:42,798:WARNING:/opt/anaconda3/envs/my_pycaret/lib/python3.10/site-packages/sklearn/metrics/_classification.py:1561: UserWarning: Note that pos_label (set to 'Yes') is ignored when average != 'binary' (got 'weighted'). You may use labels=[pos_label] to specify a single positive class.
  warnings.warn(

2026-08-24 13:15:42,801:WARNING:/opt/anaconda3/envs/my_pycaret/lib/python3.10/site-packages/sklearn/linear_model/_logistic.py:469: ConvergenceWarning: lbfgs failed to converge (status=1):
STOP: TOTAL NO. of ITERATIONS REACHED LIMIT.

Increase the number of iterations (max_iter) or scale the data as shown in:
    https://scikit-learn.org/stable/modules/preprocessing.html
Please also refer to the documentation for alternative solver options:
    https://scikit-learn.org/stable/modules/linear_model.html#logistic-regression
  n_iter_i = _check_optimize_result(

2026-08-24 13:15:42,803:WARNING:/opt/anaconda3/envs/my_pycaret/lib/python3.10/site-packages/sklearn/metrics/_classification.py:1561: UserWarning: Note that pos_label (set to 'Yes') is ignored when average != 'binary' (got 'weighted'). You may use labels=[pos_label] to specify a single positive class.
  warnings.warn(

2026-08-24 13:15:42,805:WARNING:/opt/anaconda3/envs/my_pycaret/lib/python3.10/site-packages/sklearn/metrics/_classification.py:1561: UserWarning: Note that pos_label (set to 'Yes') is ignored when average != 'binary' (got 'weighted'). You may use labels=[pos_label] to specify a single positive class.
  warnings.warn(

2026-08-24 13:15:42,832:WARNING:/opt/anaconda3/envs/my_pycaret/lib/python3.10/site-packages/sklearn/metrics/_classification.py:1561: UserWarning: Note that pos_label (set to 'Yes') is ignored when average != 'binary' (got 'weighted'). You may use labels=[pos_label] to specify a single positive class.
  warnings.warn(

2026-08-24 13:15:42,833:WARNING:/opt/anaconda3/envs/my_pycaret/lib/python3.10/site-packages/sklearn/metrics/_classification.py:1561: UserWarning: Note that pos_label (set to 'Yes') is ignored when average != 'binary' (got 'weighted'). You may use labels=[pos_label] to specify a single positive class.
  warnings.warn(

2026-08-24 13:15:42,834:WARNING:/opt/anaconda3/envs/my_pycaret/lib/python3.10/site-packages/sklearn/metrics/_classification.py:1561: UserWarning: Note that pos_label (set to 'Yes') is ignored when average != 'binary' (got 'weighted'). You may use labels=[pos_label] to specify a single positive class.
  warnings.warn(

2026-08-24 13:15:42,849:WARNING:/opt/anaconda3/envs/my_pycaret/lib/python3.10/site-packages/sklearn/linear_model/_logistic.py:469: ConvergenceWarning: lbfgs failed to converge (status=1):
STOP: TOTAL NO. of ITERATIONS REACHED LIMIT.

Increase the number of iterations (max_iter) or scale the data as shown in:
    https://scikit-learn.org/stable/modules/preprocessing.html
Please also refer to the documentation for alternative solver options:
    https://scikit-learn.org/stable/modules/linear_model.html#logistic-regression
  n_iter_i = _check_optimize_result(

2026-08-24 13:15:42,864:WARNING:/opt/anaconda3/envs/my_pycaret/lib/python3.10/site-packages/sklearn/linear_model/_logistic.py:469: ConvergenceWarning: lbfgs failed to converge (status=1):
STOP: TOTAL NO. of ITERATIONS REACHED LIMIT.

Increase the number of iterations (max_iter) or scale the data as shown in:
    https://scikit-learn.org/stable/modules/preprocessing.html
Please also refer to the documentation for alternative solver options:
    https://scikit-learn.org/stable/modules/linear_model.html#logistic-regression
  n_iter_i = _check_optimize_result(

2026-08-24 13:15:42,866:WARNING:/opt/anaconda3/envs/my_pycaret/lib/python3.10/site-packages/sklearn/metrics/_classification.py:1561: UserWarning: Note that pos_label (set to 'Yes') is ignored when average != 'binary' (got 'weighted'). You may use labels=[pos_label] to specify a single positive class.
  warnings.warn(

2026-08-24 13:15:42,867:WARNING:/opt/anaconda3/envs/my_pycaret/lib/python3.10/site-packages/sklearn/metrics/_classification.py:1561: UserWarning: Note that pos_label (set to 'Yes') is ignored when average != 'binary' (got 'weighted'). You may use labels=[pos_label] to specify a single positive class.
  warnings.warn(

2026-08-24 13:15:42,868:WARNING:/opt/anaconda3/envs/my_pycaret/lib/python3.10/site-packages/sklearn/metrics/_classification.py:1561: UserWarning: Note that pos_label (set to 'Yes') is ignored when average != 'binary' (got 'weighted'). You may use labels=[pos_label] to specify a single positive class.
  warnings.warn(

2026-08-24 13:15:42,878:WARNING:/opt/anaconda3/envs/my_pycaret/lib/python3.10/site-packages/sklearn/metrics/_classification.py:1561: UserWarning: Note that pos_label (set to 'Yes') is ignored when average != 'binary' (got 'weighted'). You may use labels=[pos_label] to specify a single positive class.
  warnings.warn(

2026-08-24 13:15:42,879:WARNING:/opt/anaconda3/envs/my_pycaret/lib/python3.10/site-packages/sklearn/metrics/_classification.py:1561: UserWarning: Note that pos_label (set to 'Yes') is ignored when average != 'binary' (got 'weighted'). You may use labels=[pos_label] to specify a single positive class.
  warnings.warn(

2026-08-24 13:15:42,880:WARNING:/opt/anaconda3/envs/my_pycaret/lib/python3.10/site-packages/sklearn/metrics/_classification.py:1561: UserWarning: Note that pos_label (set to 'Yes') is ignored when average != 'binary' (got 'weighted'). You may use labels=[pos_label] to specify a single positive class.
  warnings.warn(

2026-08-24 13:15:42,888:INFO:Calculating mean and std
2026-08-24 13:15:42,889:INFO:Creating metrics dataframe
2026-08-24 13:15:42,890:INFO:Uploading results into container
2026-08-24 13:15:42,891:INFO:Uploading model into container now
2026-08-24 13:15:42,891:INFO:_master_model_container: 1
2026-08-24 13:15:42,891:INFO:_display_container: 2
2026-08-24 13:15:42,892:INFO:LogisticRegression(C=1.0, class_weight=None, dual=False, fit_intercept=True,
                   intercept_scaling=1, l1_ratio=None, max_iter=1000,
                   multi_class='auto', n_jobs=None, penalty='l2',
                   random_state=123, solver='lbfgs', tol=0.0001, verbose=0,
                   warm_start=False)
2026-08-24 13:15:42,892:INFO:create_model() successfully completed......................................
2026-08-24 13:15:42,973:INFO:SubProcess create_model() end ==================================
2026-08-24 13:15:42,973:INFO:Creating metrics dataframe
2026-08-24 13:15:42,976:INFO:Initializing K Neighbors Classifier
2026-08-24 13:15:42,976:INFO:Total runtime is 0.058490002155303956 minutes
2026-08-24 13:15:42,977:INFO:SubProcess create_model() called ==================================
2026-08-24 13:15:42,978:INFO:Initializing create_model()
2026-08-24 13:15:42,978:INFO:create_model(self=<pycaret.classification.oop.ClassificationExperiment object at 0x15e8629e0>, estimator=knn, fold=StratifiedKFold(n_splits=10, random_state=None, shuffle=False), round=4, cross_validation=True, predict=True, fit_kwargs={}, groups=None, refit=False, probability_threshold=None, experiment_custom_tags=None, verbose=False, system=False, add_to_model_list=True, metrics=None, display=<pycaret.internal.display.display.CommonDisplay object at 0x15e862a10>, model_only=True, return_train_score=False, error_score=0.0, kwargs={})
2026-08-24 13:15:42,978:INFO:Checking exceptions
2026-08-24 13:15:42,978:INFO:Importing libraries
2026-08-24 13:15:42,978:INFO:Copying training dataset
2026-08-24 13:15:42,980:INFO:Defining folds
2026-08-24 13:15:42,980:INFO:Declaring metric variables
2026-08-24 13:15:42,981:INFO:Importing untrained model
2026-08-24 13:15:42,982:INFO:K Neighbors Classifier Imported successfully
2026-08-24 13:15:42,984:INFO:Starting cross validation
2026-08-24 13:15:42,985:INFO:Cross validating with StratifiedKFold(n_splits=10, random_state=None, shuffle=False), n_jobs=-1
2026-08-24 13:15:43,128:WARNING:/opt/anaconda3/envs/my_pycaret/lib/python3.10/site-packages/sklearn/metrics/_classification.py:1561: UserWarning: Note that pos_label (set to 'Yes') is ignored when average != 'binary' (got 'weighted'). You may use labels=[pos_label] to specify a single positive class.
  warnings.warn(

2026-08-24 13:15:43,129:WARNING:/opt/anaconda3/envs/my_pycaret/lib/python3.10/site-packages/sklearn/metrics/_classification.py:1561: UserWarning: Note that pos_label (set to 'Yes') is ignored when average != 'binary' (got 'weighted'). You may use labels=[pos_label] to specify a single positive class.
  warnings.warn(

2026-08-24 13:15:43,130:WARNING:/opt/anaconda3/envs/my_pycaret/lib/python3.10/site-packages/sklearn/metrics/_classification.py:1561: UserWarning: Note that pos_label (set to 'Yes') is ignored when average != 'binary' (got 'weighted'). You may use labels=[pos_label] to specify a single positive class.
  warnings.warn(

2026-08-24 13:15:43,130:WARNING:/opt/anaconda3/envs/my_pycaret/lib/python3.10/site-packages/sklearn/metrics/_classification.py:1561: UserWarning: Note that pos_label (set to 'Yes') is ignored when average != 'binary' (got 'weighted'). You may use labels=[pos_label] to specify a single positive class.
  warnings.warn(

2026-08-24 13:15:43,130:WARNING:/opt/anaconda3/envs/my_pycaret/lib/python3.10/site-packages/sklearn/metrics/_classification.py:1561: UserWarning: Note that pos_label (set to 'Yes') is ignored when average != 'binary' (got 'weighted'). You may use labels=[pos_label] to specify a single positive class.
  warnings.warn(

2026-08-24 13:15:43,131:WARNING:/opt/anaconda3/envs/my_pycaret/lib/python3.10/site-packages/sklearn/metrics/_classification.py:1561: UserWarning: Note that pos_label (set to 'Yes') is ignored when average != 'binary' (got 'weighted'). You may use labels=[pos_label] to specify a single positive class.
  warnings.warn(

2026-08-24 13:15:43,131:WARNING:/opt/anaconda3/envs/my_pycaret/lib/python3.10/site-packages/sklearn/metrics/_classification.py:1561: UserWarning: Note that pos_label (set to 'Yes') is ignored when average != 'binary' (got 'weighted'). You may use labels=[pos_label] to specify a single positive class.
  warnings.warn(

2026-08-24 13:15:43,131:WARNING:/opt/anaconda3/envs/my_pycaret/lib/python3.10/site-packages/sklearn/metrics/_classification.py:1561: UserWarning: Note that pos_label (set to 'Yes') is ignored when average != 'binary' (got 'weighted'). You may use labels=[pos_label] to specify a single positive class.
  warnings.warn(

2026-08-24 13:15:43,132:WARNING:/opt/anaconda3/envs/my_pycaret/lib/python3.10/site-packages/sklearn/metrics/_classification.py:1561: UserWarning: Note that pos_label (set to 'Yes') is ignored when average != 'binary' (got 'weighted'). You may use labels=[pos_label] to specify a single positive class.
  warnings.warn(

2026-08-24 13:15:43,132:WARNING:/opt/anaconda3/envs/my_pycaret/lib/python3.10/site-packages/sklearn/metrics/_classification.py:1561: UserWarning: Note that pos_label (set to 'Yes') is ignored when average != 'binary' (got 'weighted'). You may use labels=[pos_label] to specify a single positive class.
  warnings.warn(

2026-08-24 13:15:43,132:WARNING:/opt/anaconda3/envs/my_pycaret/lib/python3.10/site-packages/sklearn/metrics/_classification.py:1561: UserWarning: Note that pos_label (set to 'Yes') is ignored when average != 'binary' (got 'weighted'). You may use labels=[pos_label] to specify a single positive class.
  warnings.warn(

2026-08-24 13:15:43,133:WARNING:/opt/anaconda3/envs/my_pycaret/lib/python3.10/site-packages/sklearn/metrics/_classification.py:1561: UserWarning: Note that pos_label (set to 'Yes') is ignored when average != 'binary' (got 'weighted'). You may use labels=[pos_label] to specify a single positive class.
  warnings.warn(

2026-08-24 13:15:43,133:WARNING:/opt/anaconda3/envs/my_pycaret/lib/python3.10/site-packages/sklearn/metrics/_classification.py:1561: UserWarning: Note that pos_label (set to 'Yes') is ignored when average != 'binary' (got 'weighted'). You may use labels=[pos_label] to specify a single positive class.
  warnings.warn(

2026-08-24 13:15:43,133:WARNING:/opt/anaconda3/envs/my_pycaret/lib/python3.10/site-packages/sklearn/metrics/_classification.py:1561: UserWarning: Note that pos_label (set to 'Yes') is ignored when average != 'binary' (got 'weighted'). You may use labels=[pos_label] to specify a single positive class.
  warnings.warn(

2026-08-24 13:15:43,134:WARNING:/opt/anaconda3/envs/my_pycaret/lib/python3.10/site-packages/sklearn/metrics/_classification.py:1561: UserWarning: Note that pos_label (set to 'Yes') is ignored when average != 'binary' (got 'weighted'). You may use labels=[pos_label] to specify a single positive class.
  warnings.warn(

2026-08-24 13:15:43,134:WARNING:/opt/anaconda3/envs/my_pycaret/lib/python3.10/site-packages/sklearn/metrics/_classification.py:1561: UserWarning: Note that pos_label (set to 'Yes') is ignored when average != 'binary' (got 'weighted'). You may use labels=[pos_label] to specify a single positive class.
  warnings.warn(

2026-08-24 13:15:43,136:WARNING:/opt/anaconda3/envs/my_pycaret/lib/python3.10/site-packages/sklearn/metrics/_classification.py:1561: UserWarning: Note that pos_label (set to 'Yes') is ignored when average != 'binary' (got 'weighted'). You may use labels=[pos_label] to specify a single positive class.
  warnings.warn(

2026-08-24 13:15:43,137:WARNING:/opt/anaconda3/envs/my_pycaret/lib/python3.10/site-packages/sklearn/metrics/_classification.py:1561: UserWarning: Note that pos_label (set to 'Yes') is ignored when average != 'binary' (got 'weighted'). You may use labels=[pos_label] to specify a single positive class.
  warnings.warn(

2026-08-24 13:15:43,151:WARNING:/opt/anaconda3/envs/my_pycaret/lib/python3.10/site-packages/sklearn/metrics/_classification.py:1561: UserWarning: Note that pos_label (set to 'Yes') is ignored when average != 'binary' (got 'weighted'). You may use labels=[pos_label] to specify a single positive class.
  warnings.warn(

2026-08-24 13:15:43,152:WARNING:/opt/anaconda3/envs/my_pycaret/lib/python3.10/site-packages/sklearn/metrics/_classification.py:1561: UserWarning: Note that pos_label (set to 'Yes') is ignored when average != 'binary' (got 'weighted'). You may use labels=[pos_label] to specify a single positive class.
  warnings.warn(

2026-08-24 13:15:43,153:WARNING:/opt/anaconda3/envs/my_pycaret/lib/python3.10/site-packages/sklearn/metrics/_classification.py:1561: UserWarning: Note that pos_label (set to 'Yes') is ignored when average != 'binary' (got 'weighted'). You may use labels=[pos_label] to specify a single positive class.
  warnings.warn(

2026-08-24 13:15:43,163:WARNING:/opt/anaconda3/envs/my_pycaret/lib/python3.10/site-packages/sklearn/metrics/_classification.py:1561: UserWarning: Note that pos_label (set to 'Yes') is ignored when average != 'binary' (got 'weighted'). You may use labels=[pos_label] to specify a single positive class.
  warnings.warn(

2026-08-24 13:15:43,164:WARNING:/opt/anaconda3/envs/my_pycaret/lib/python3.10/site-packages/sklearn/metrics/_classification.py:1561: UserWarning: Note that pos_label (set to 'Yes') is ignored when average != 'binary' (got 'weighted'). You may use labels=[pos_label] to specify a single positive class.
  warnings.warn(

2026-08-24 13:15:43,165:WARNING:/opt/anaconda3/envs/my_pycaret/lib/python3.10/site-packages/sklearn/metrics/_classification.py:1561: UserWarning: Note that pos_label (set to 'Yes') is ignored when average != 'binary' (got 'weighted'). You may use labels=[pos_label] to specify a single positive class.
  warnings.warn(

2026-08-24 13:15:43,184:WARNING:/opt/anaconda3/envs/my_pycaret/lib/python3.10/site-packages/sklearn/metrics/_classification.py:1561: UserWarning: Note that pos_label (set to 'Yes') is ignored when average != 'binary' (got 'weighted'). You may use labels=[pos_label] to specify a single positive class.
  warnings.warn(

2026-08-24 13:15:43,185:WARNING:/opt/anaconda3/envs/my_pycaret/lib/python3.10/site-packages/sklearn/metrics/_classification.py:1561: UserWarning: Note that pos_label (set to 'Yes') is ignored when average != 'binary' (got 'weighted'). You may use labels=[pos_label] to specify a single positive class.
  warnings.warn(

2026-08-24 13:15:43,185:WARNING:/opt/anaconda3/envs/my_pycaret/lib/python3.10/site-packages/sklearn/metrics/_classification.py:1561: UserWarning: Note that pos_label (set to 'Yes') is ignored when average != 'binary' (got 'weighted'). You may use labels=[pos_label] to specify a single positive class.
  warnings.warn(

2026-08-24 13:15:43,186:WARNING:/opt/anaconda3/envs/my_pycaret/lib/python3.10/site-packages/sklearn/metrics/_classification.py:1561: UserWarning: Note that pos_label (set to 'Yes') is ignored when average != 'binary' (got 'weighted'). You may use labels=[pos_label] to specify a single positive class.
  warnings.warn(

2026-08-24 13:15:43,186:WARNING:/opt/anaconda3/envs/my_pycaret/lib/python3.10/site-packages/sklearn/metrics/_classification.py:1561: UserWarning: Note that pos_label (set to 'Yes') is ignored when average != 'binary' (got 'weighted'). You may use labels=[pos_label] to specify a single positive class.
  warnings.warn(

2026-08-24 13:15:43,187:WARNING:/opt/anaconda3/envs/my_pycaret/lib/python3.10/site-packages/sklearn/metrics/_classification.py:1561: UserWarning: Note that pos_label (set to 'Yes') is ignored when average != 'binary' (got 'weighted'). You may use labels=[pos_label] to specify a single positive class.
  warnings.warn(

2026-08-24 13:15:43,193:INFO:Calculating mean and std
2026-08-24 13:15:43,194:INFO:Creating metrics dataframe
2026-08-24 13:15:43,194:INFO:Uploading results into container
2026-08-24 13:15:43,195:INFO:Uploading model into container now
2026-08-24 13:15:43,195:INFO:_master_model_container: 2
2026-08-24 13:15:43,195:INFO:_display_container: 2
2026-08-24 13:15:43,195:INFO:KNeighborsClassifier(algorithm='auto', leaf_size=30, metric='minkowski',
                     metric_params=None, n_jobs=-1, n_neighbors=5, p=2,
                     weights='uniform')
2026-08-24 13:15:43,195:INFO:create_model() successfully completed......................................
2026-08-24 13:15:43,247:INFO:SubProcess create_model() end ==================================
2026-08-24 13:15:43,247:INFO:Creating metrics dataframe
2026-08-24 13:15:43,250:INFO:Initializing Naive Bayes
2026-08-24 13:15:43,250:INFO:Total runtime is 0.06305274963378907 minutes
2026-08-24 13:15:43,251:INFO:SubProcess create_model() called ==================================
2026-08-24 13:15:43,251:INFO:Initializing create_model()
2026-08-24 13:15:43,251:INFO:create_model(self=<pycaret.classification.oop.ClassificationExperiment object at 0x15e8629e0>, estimator=nb, fold=StratifiedKFold(n_splits=10, random_state=None, shuffle=False), round=4, cross_validation=True, predict=True, fit_kwargs={}, groups=None, refit=False, probability_threshold=None, experiment_custom_tags=None, verbose=False, system=False, add_to_model_list=True, metrics=None, display=<pycaret.internal.display.display.CommonDisplay object at 0x15e862a10>, model_only=True, return_train_score=False, error_score=0.0, kwargs={})
2026-08-24 13:15:43,251:INFO:Checking exceptions
2026-08-24 13:15:43,251:INFO:Importing libraries
2026-08-24 13:15:43,251:INFO:Copying training dataset
2026-08-24 13:15:43,254:INFO:Defining folds
2026-08-24 13:15:43,254:INFO:Declaring metric variables
2026-08-24 13:15:43,255:INFO:Importing untrained model
2026-08-24 13:15:43,256:INFO:Naive Bayes Imported successfully
2026-08-24 13:15:43,258:INFO:Starting cross validation
2026-08-24 13:15:43,259:INFO:Cross validating with StratifiedKFold(n_splits=10, random_state=None, shuffle=False), n_jobs=-1
2026-08-24 13:15:43,340:WARNING:/opt/anaconda3/envs/my_pycaret/lib/python3.10/site-packages/sklearn/metrics/_classification.py:1561: UserWarning: Note that pos_label (set to 'Yes') is ignored when average != 'binary' (got 'weighted'). You may use labels=[pos_label] to specify a single positive class.
  warnings.warn(

2026-08-24 13:15:43,342:WARNING:/opt/anaconda3/envs/my_pycaret/lib/python3.10/site-packages/sklearn/metrics/_classification.py:1561: UserWarning: Note that pos_label (set to 'Yes') is ignored when average != 'binary' (got 'weighted'). You may use labels=[pos_label] to specify a single positive class.
  warnings.warn(

2026-08-24 13:15:43,343:WARNING:/opt/anaconda3/envs/my_pycaret/lib/python3.10/site-packages/sklearn/metrics/_classification.py:1561: UserWarning: Note that pos_label (set to 'Yes') is ignored when average != 'binary' (got 'weighted'). You may use labels=[pos_label] to specify a single positive class.
  warnings.warn(

2026-08-24 13:15:43,354:WARNING:/opt/anaconda3/envs/my_pycaret/lib/python3.10/site-packages/sklearn/metrics/_classification.py:1561: UserWarning: Note that pos_label (set to 'Yes') is ignored when average != 'binary' (got 'weighted'). You may use labels=[pos_label] to specify a single positive class.
  warnings.warn(

2026-08-24 13:15:43,355:WARNING:/opt/anaconda3/envs/my_pycaret/lib/python3.10/site-packages/sklearn/metrics/_classification.py:1561: UserWarning: Note that pos_label (set to 'Yes') is ignored when average != 'binary' (got 'weighted'). You may use labels=[pos_label] to specify a single positive class.
  warnings.warn(

2026-08-24 13:15:43,356:WARNING:/opt/anaconda3/envs/my_pycaret/lib/python3.10/site-packages/sklearn/metrics/_classification.py:1561: UserWarning: Note that pos_label (set to 'Yes') is ignored when average != 'binary' (got 'weighted'). You may use labels=[pos_label] to specify a single positive class.
  warnings.warn(

2026-08-24 13:15:43,359:WARNING:/opt/anaconda3/envs/my_pycaret/lib/python3.10/site-packages/sklearn/metrics/_classification.py:1561: UserWarning: Note that pos_label (set to 'Yes') is ignored when average != 'binary' (got 'weighted'). You may use labels=[pos_label] to specify a single positive class.
  warnings.warn(

2026-08-24 13:15:43,360:WARNING:/opt/anaconda3/envs/my_pycaret/lib/python3.10/site-packages/sklearn/metrics/_classification.py:1561: UserWarning: Note that pos_label (set to 'Yes') is ignored when average != 'binary' (got 'weighted'). You may use labels=[pos_label] to specify a single positive class.
  warnings.warn(

2026-08-24 13:15:43,361:WARNING:/opt/anaconda3/envs/my_pycaret/lib/python3.10/site-packages/sklearn/metrics/_classification.py:1561: UserWarning: Note that pos_label (set to 'Yes') is ignored when average != 'binary' (got 'weighted'). You may use labels=[pos_label] to specify a single positive class.
  warnings.warn(

2026-08-24 13:15:43,362:WARNING:/opt/anaconda3/envs/my_pycaret/lib/python3.10/site-packages/sklearn/metrics/_classification.py:1561: UserWarning: Note that pos_label (set to 'Yes') is ignored when average != 'binary' (got 'weighted'). You may use labels=[pos_label] to specify a single positive class.
  warnings.warn(

2026-08-24 13:15:43,362:WARNING:/opt/anaconda3/envs/my_pycaret/lib/python3.10/site-packages/sklearn/metrics/_classification.py:1561: UserWarning: Note that pos_label (set to 'Yes') is ignored when average != 'binary' (got 'weighted'). You may use labels=[pos_label] to specify a single positive class.
  warnings.warn(

2026-08-24 13:15:43,363:WARNING:/opt/anaconda3/envs/my_pycaret/lib/python3.10/site-packages/sklearn/metrics/_classification.py:1561: UserWarning: Note that pos_label (set to 'Yes') is ignored when average != 'binary' (got 'weighted'). You may use labels=[pos_label] to specify a single positive class.
  warnings.warn(

2026-08-24 13:15:43,364:WARNING:/opt/anaconda3/envs/my_pycaret/lib/python3.10/site-packages/sklearn/metrics/_classification.py:1561: UserWarning: Note that pos_label (set to 'Yes') is ignored when average != 'binary' (got 'weighted'). You may use labels=[pos_label] to specify a single positive class.
  warnings.warn(

2026-08-24 13:15:43,365:WARNING:/opt/anaconda3/envs/my_pycaret/lib/python3.10/site-packages/sklearn/metrics/_classification.py:1561: UserWarning: Note that pos_label (set to 'Yes') is ignored when average != 'binary' (got 'weighted'). You may use labels=[pos_label] to specify a single positive class.
  warnings.warn(

2026-08-24 13:15:43,369:WARNING:/opt/anaconda3/envs/my_pycaret/lib/python3.10/site-packages/sklearn/metrics/_classification.py:1561: UserWarning: Note that pos_label (set to 'Yes') is ignored when average != 'binary' (got 'weighted'). You may use labels=[pos_label] to specify a single positive class.
  warnings.warn(

2026-08-24 13:15:43,374:WARNING:/opt/anaconda3/envs/my_pycaret/lib/python3.10/site-packages/sklearn/metrics/_classification.py:1561: UserWarning: Note that pos_label (set to 'Yes') is ignored when average != 'binary' (got 'weighted'). You may use labels=[pos_label] to specify a single positive class.
  warnings.warn(

2026-08-24 13:15:43,375:WARNING:/opt/anaconda3/envs/my_pycaret/lib/python3.10/site-packages/sklearn/metrics/_classification.py:1561: UserWarning: Note that pos_label (set to 'Yes') is ignored when average != 'binary' (got 'weighted'). You may use labels=[pos_label] to specify a single positive class.
  warnings.warn(

2026-08-24 13:15:43,377:WARNING:/opt/anaconda3/envs/my_pycaret/lib/python3.10/site-packages/sklearn/metrics/_classification.py:1561: UserWarning: Note that pos_label (set to 'Yes') is ignored when average != 'binary' (got 'weighted'). You may use labels=[pos_label] to specify a single positive class.
  warnings.warn(

2026-08-24 13:15:43,380:WARNING:/opt/anaconda3/envs/my_pycaret/lib/python3.10/site-packages/sklearn/metrics/_classification.py:1561: UserWarning: Note that pos_label (set to 'Yes') is ignored when average != 'binary' (got 'weighted'). You may use labels=[pos_label] to specify a single positive class.
  warnings.warn(

2026-08-24 13:15:43,381:WARNING:/opt/anaconda3/envs/my_pycaret/lib/python3.10/site-packages/sklearn/metrics/_classification.py:1561: UserWarning: Note that pos_label (set to 'Yes') is ignored when average != 'binary' (got 'weighted'). You may use labels=[pos_label] to specify a single positive class.
  warnings.warn(

2026-08-24 13:15:43,382:WARNING:/opt/anaconda3/envs/my_pycaret/lib/python3.10/site-packages/sklearn/metrics/_classification.py:1561: UserWarning: Note that pos_label (set to 'Yes') is ignored when average != 'binary' (got 'weighted'). You may use labels=[pos_label] to specify a single positive class.
  warnings.warn(

2026-08-24 13:15:43,386:WARNING:/opt/anaconda3/envs/my_pycaret/lib/python3.10/site-packages/sklearn/metrics/_classification.py:1561: UserWarning: Note that pos_label (set to 'Yes') is ignored when average != 'binary' (got 'weighted'). You may use labels=[pos_label] to specify a single positive class.
  warnings.warn(

2026-08-24 13:15:43,387:WARNING:/opt/anaconda3/envs/my_pycaret/lib/python3.10/site-packages/sklearn/metrics/_classification.py:1561: UserWarning: Note that pos_label (set to 'Yes') is ignored when average != 'binary' (got 'weighted'). You may use labels=[pos_label] to specify a single positive class.
  warnings.warn(

2026-08-24 13:15:43,388:WARNING:/opt/anaconda3/envs/my_pycaret/lib/python3.10/site-packages/sklearn/metrics/_classification.py:1561: UserWarning: Note that pos_label (set to 'Yes') is ignored when average != 'binary' (got 'weighted'). You may use labels=[pos_label] to specify a single positive class.
  warnings.warn(

2026-08-24 13:15:43,408:WARNING:/opt/anaconda3/envs/my_pycaret/lib/python3.10/site-packages/sklearn/metrics/_classification.py:1561: UserWarning: Note that pos_label (set to 'Yes') is ignored when average != 'binary' (got 'weighted'). You may use labels=[pos_label] to specify a single positive class.
  warnings.warn(

2026-08-24 13:15:43,409:WARNING:/opt/anaconda3/envs/my_pycaret/lib/python3.10/site-packages/sklearn/metrics/_classification.py:1561: UserWarning: Note that pos_label (set to 'Yes') is ignored when average != 'binary' (got 'weighted'). You may use labels=[pos_label] to specify a single positive class.
  warnings.warn(

2026-08-24 13:15:43,410:WARNING:/opt/anaconda3/envs/my_pycaret/lib/python3.10/site-packages/sklearn/metrics/_classification.py:1561: UserWarning: Note that pos_label (set to 'Yes') is ignored when average != 'binary' (got 'weighted'). You may use labels=[pos_label] to specify a single positive class.
  warnings.warn(

2026-08-24 13:15:43,413:WARNING:/opt/anaconda3/envs/my_pycaret/lib/python3.10/site-packages/sklearn/metrics/_classification.py:1561: UserWarning: Note that pos_label (set to 'Yes') is ignored when average != 'binary' (got 'weighted'). You may use labels=[pos_label] to specify a single positive class.
  warnings.warn(

2026-08-24 13:15:43,414:WARNING:/opt/anaconda3/envs/my_pycaret/lib/python3.10/site-packages/sklearn/metrics/_classification.py:1561: UserWarning: Note that pos_label (set to 'Yes') is ignored when average != 'binary' (got 'weighted'). You may use labels=[pos_label] to specify a single positive class.
  warnings.warn(

2026-08-24 13:15:43,415:WARNING:/opt/anaconda3/envs/my_pycaret/lib/python3.10/site-packages/sklearn/metrics/_classification.py:1561: UserWarning: Note that pos_label (set to 'Yes') is ignored when average != 'binary' (got 'weighted'). You may use labels=[pos_label] to specify a single positive class.
  warnings.warn(

2026-08-24 13:15:43,428:INFO:Calculating mean and std
2026-08-24 13:15:43,429:INFO:Creating metrics dataframe
2026-08-24 13:15:43,429:INFO:Uploading results into container
2026-08-24 13:15:43,430:INFO:Uploading model into container now
2026-08-24 13:15:43,430:INFO:_master_model_container: 3
2026-08-24 13:15:43,430:INFO:_display_container: 2
2026-08-24 13:15:43,430:INFO:GaussianNB(priors=None, var_smoothing=1e-09)
2026-08-24 13:15:43,430:INFO:create_model() successfully completed......................................
2026-08-24 13:15:43,482:INFO:SubProcess create_model() end ==================================
2026-08-24 13:15:43,482:INFO:Creating metrics dataframe
2026-08-24 13:15:43,485:INFO:Initializing Decision Tree Classifier
2026-08-24 13:15:43,485:INFO:Total runtime is 0.06696799993515015 minutes
2026-08-24 13:15:43,486:INFO:SubProcess create_model() called ==================================
2026-08-24 13:15:43,486:INFO:Initializing create_model()
2026-08-24 13:15:43,486:INFO:create_model(self=<pycaret.classification.oop.ClassificationExperiment object at 0x15e8629e0>, estimator=dt, fold=StratifiedKFold(n_splits=10, random_state=None, shuffle=False), round=4, cross_validation=True, predict=True, fit_kwargs={}, groups=None, refit=False, probability_threshold=None, experiment_custom_tags=None, verbose=False, system=False, add_to_model_list=True, metrics=None, display=<pycaret.internal.display.display.CommonDisplay object at 0x15e862a10>, model_only=True, return_train_score=False, error_score=0.0, kwargs={})
2026-08-24 13:15:43,486:INFO:Checking exceptions
2026-08-24 13:15:43,486:INFO:Importing libraries
2026-08-24 13:15:43,486:INFO:Copying training dataset
2026-08-24 13:15:43,488:INFO:Defining folds
2026-08-24 13:15:43,489:INFO:Declaring metric variables
2026-08-24 13:15:43,490:INFO:Importing untrained model
2026-08-24 13:15:43,491:INFO:Decision Tree Classifier Imported successfully
2026-08-24 13:15:43,494:INFO:Starting cross validation
2026-08-24 13:15:43,495:INFO:Cross validating with StratifiedKFold(n_splits=10, random_state=None, shuffle=False), n_jobs=-1
2026-08-24 13:15:43,566:WARNING:/opt/anaconda3/envs/my_pycaret/lib/python3.10/site-packages/sklearn/metrics/_classification.py:1561: UserWarning: Note that pos_label (set to 'Yes') is ignored when average != 'binary' (got 'weighted'). You may use labels=[pos_label] to specify a single positive class.
  warnings.warn(

2026-08-24 13:15:43,567:WARNING:/opt/anaconda3/envs/my_pycaret/lib/python3.10/site-packages/sklearn/metrics/_classification.py:1561: UserWarning: Note that pos_label (set to 'Yes') is ignored when average != 'binary' (got 'weighted'). You may use labels=[pos_label] to specify a single positive class.
  warnings.warn(

2026-08-24 13:15:43,568:WARNING:/opt/anaconda3/envs/my_pycaret/lib/python3.10/site-packages/sklearn/metrics/_classification.py:1561: UserWarning: Note that pos_label (set to 'Yes') is ignored when average != 'binary' (got 'weighted'). You may use labels=[pos_label] to specify a single positive class.
  warnings.warn(

2026-08-24 13:15:43,580:WARNING:/opt/anaconda3/envs/my_pycaret/lib/python3.10/site-packages/sklearn/metrics/_classification.py:1561: UserWarning: Note that pos_label (set to 'Yes') is ignored when average != 'binary' (got 'weighted'). You may use labels=[pos_label] to specify a single positive class.
  warnings.warn(

2026-08-24 13:15:43,581:WARNING:/opt/anaconda3/envs/my_pycaret/lib/python3.10/site-packages/sklearn/metrics/_classification.py:1561: UserWarning: Note that pos_label (set to 'Yes') is ignored when average != 'binary' (got 'weighted'). You may use labels=[pos_label] to specify a single positive class.
  warnings.warn(

2026-08-24 13:15:43,581:WARNING:/opt/anaconda3/envs/my_pycaret/lib/python3.10/site-packages/sklearn/metrics/_classification.py:1561: UserWarning: Note that pos_label (set to 'Yes') is ignored when average != 'binary' (got 'weighted'). You may use labels=[pos_label] to specify a single positive class.
  warnings.warn(

2026-08-24 13:15:43,582:WARNING:/opt/anaconda3/envs/my_pycaret/lib/python3.10/site-packages/sklearn/metrics/_classification.py:1561: UserWarning: Note that pos_label (set to 'Yes') is ignored when average != 'binary' (got 'weighted'). You may use labels=[pos_label] to specify a single positive class.
  warnings.warn(

2026-08-24 13:15:43,583:WARNING:/opt/anaconda3/envs/my_pycaret/lib/python3.10/site-packages/sklearn/metrics/_classification.py:1561: UserWarning: Note that pos_label (set to 'Yes') is ignored when average != 'binary' (got 'weighted'). You may use labels=[pos_label] to specify a single positive class.
  warnings.warn(

2026-08-24 13:15:43,584:WARNING:/opt/anaconda3/envs/my_pycaret/lib/python3.10/site-packages/sklearn/metrics/_classification.py:1561: UserWarning: Note that pos_label (set to 'Yes') is ignored when average != 'binary' (got 'weighted'). You may use labels=[pos_label] to specify a single positive class.
  warnings.warn(

2026-08-24 13:15:43,590:WARNING:/opt/anaconda3/envs/my_pycaret/lib/python3.10/site-packages/sklearn/metrics/_classification.py:1561: UserWarning: Note that pos_label (set to 'Yes') is ignored when average != 'binary' (got 'weighted'). You may use labels=[pos_label] to specify a single positive class.
  warnings.warn(

2026-08-24 13:15:43,594:WARNING:/opt/anaconda3/envs/my_pycaret/lib/python3.10/site-packages/sklearn/metrics/_classification.py:1561: UserWarning: Note that pos_label (set to 'Yes') is ignored when average != 'binary' (got 'weighted'). You may use labels=[pos_label] to specify a single positive class.
  warnings.warn(

2026-08-24 13:15:43,595:WARNING:/opt/anaconda3/envs/my_pycaret/lib/python3.10/site-packages/sklearn/metrics/_classification.py:1561: UserWarning: Note that pos_label (set to 'Yes') is ignored when average != 'binary' (got 'weighted'). You may use labels=[pos_label] to specify a single positive class.
  warnings.warn(

2026-08-24 13:15:43,595:WARNING:/opt/anaconda3/envs/my_pycaret/lib/python3.10/site-packages/sklearn/metrics/_classification.py:1561: UserWarning: Note that pos_label (set to 'Yes') is ignored when average != 'binary' (got 'weighted'). You may use labels=[pos_label] to specify a single positive class.
  warnings.warn(

2026-08-24 13:15:43,596:WARNING:/opt/anaconda3/envs/my_pycaret/lib/python3.10/site-packages/sklearn/metrics/_classification.py:1561: UserWarning: Note that pos_label (set to 'Yes') is ignored when average != 'binary' (got 'weighted'). You may use labels=[pos_label] to specify a single positive class.
  warnings.warn(

2026-08-24 13:15:43,596:WARNING:/opt/anaconda3/envs/my_pycaret/lib/python3.10/site-packages/sklearn/metrics/_classification.py:1561: UserWarning: Note that pos_label (set to 'Yes') is ignored when average != 'binary' (got 'weighted'). You may use labels=[pos_label] to specify a single positive class.
  warnings.warn(

2026-08-24 13:15:43,598:WARNING:/opt/anaconda3/envs/my_pycaret/lib/python3.10/site-packages/sklearn/metrics/_classification.py:1561: UserWarning: Note that pos_label (set to 'Yes') is ignored when average != 'binary' (got 'weighted'). You may use labels=[pos_label] to specify a single positive class.
  warnings.warn(

2026-08-24 13:15:43,598:WARNING:/opt/anaconda3/envs/my_pycaret/lib/python3.10/site-packages/sklearn/metrics/_classification.py:1561: UserWarning: Note that pos_label (set to 'Yes') is ignored when average != 'binary' (got 'weighted'). You may use labels=[pos_label] to specify a single positive class.
  warnings.warn(

2026-08-24 13:15:43,599:WARNING:/opt/anaconda3/envs/my_pycaret/lib/python3.10/site-packages/sklearn/metrics/_classification.py:1561: UserWarning: Note that pos_label (set to 'Yes') is ignored when average != 'binary' (got 'weighted'). You may use labels=[pos_label] to specify a single positive class.
  warnings.warn(

2026-08-24 13:15:43,610:WARNING:/opt/anaconda3/envs/my_pycaret/lib/python3.10/site-packages/sklearn/metrics/_classification.py:1561: UserWarning: Note that pos_label (set to 'Yes') is ignored when average != 'binary' (got 'weighted'). You may use labels=[pos_label] to specify a single positive class.
  warnings.warn(

2026-08-24 13:15:43,611:WARNING:/opt/anaconda3/envs/my_pycaret/lib/python3.10/site-packages/sklearn/metrics/_classification.py:1561: UserWarning: Note that pos_label (set to 'Yes') is ignored when average != 'binary' (got 'weighted'). You may use labels=[pos_label] to specify a single positive class.
  warnings.warn(

2026-08-24 13:15:43,612:WARNING:/opt/anaconda3/envs/my_pycaret/lib/python3.10/site-packages/sklearn/metrics/_classification.py:1561: UserWarning: Note that pos_label (set to 'Yes') is ignored when average != 'binary' (got 'weighted'). You may use labels=[pos_label] to specify a single positive class.
  warnings.warn(

2026-08-24 13:15:43,618:WARNING:/opt/anaconda3/envs/my_pycaret/lib/python3.10/site-packages/sklearn/metrics/_classification.py:1561: UserWarning: Note that pos_label (set to 'Yes') is ignored when average != 'binary' (got 'weighted'). You may use labels=[pos_label] to specify a single positive class.
  warnings.warn(

2026-08-24 13:15:43,619:WARNING:/opt/anaconda3/envs/my_pycaret/lib/python3.10/site-packages/sklearn/metrics/_classification.py:1561: UserWarning: Note that pos_label (set to 'Yes') is ignored when average != 'binary' (got 'weighted'). You may use labels=[pos_label] to specify a single positive class.
  warnings.warn(

2026-08-24 13:15:43,620:WARNING:/opt/anaconda3/envs/my_pycaret/lib/python3.10/site-packages/sklearn/metrics/_classification.py:1561: UserWarning: Note that pos_label (set to 'Yes') is ignored when average != 'binary' (got 'weighted'). You may use labels=[pos_label] to specify a single positive class.
  warnings.warn(

2026-08-24 13:15:43,637:WARNING:/opt/anaconda3/envs/my_pycaret/lib/python3.10/site-packages/sklearn/metrics/_classification.py:1561: UserWarning: Note that pos_label (set to 'Yes') is ignored when average != 'binary' (got 'weighted'). You may use labels=[pos_label] to specify a single positive class.
  warnings.warn(

2026-08-24 13:15:43,638:WARNING:/opt/anaconda3/envs/my_pycaret/lib/python3.10/site-packages/sklearn/metrics/_classification.py:1561: UserWarning: Note that pos_label (set to 'Yes') is ignored when average != 'binary' (got 'weighted'). You may use labels=[pos_label] to specify a single positive class.
  warnings.warn(

2026-08-24 13:15:43,638:WARNING:/opt/anaconda3/envs/my_pycaret/lib/python3.10/site-packages/sklearn/metrics/_classification.py:1561: UserWarning: Note that pos_label (set to 'Yes') is ignored when average != 'binary' (got 'weighted'). You may use labels=[pos_label] to specify a single positive class.
  warnings.warn(

2026-08-24 13:15:43,639:WARNING:/opt/anaconda3/envs/my_pycaret/lib/python3.10/site-packages/sklearn/metrics/_classification.py:1561: UserWarning: Note that pos_label (set to 'Yes') is ignored when average != 'binary' (got 'weighted'). You may use labels=[pos_label] to specify a single positive class.
  warnings.warn(

2026-08-24 13:15:43,639:WARNING:/opt/anaconda3/envs/my_pycaret/lib/python3.10/site-packages/sklearn/metrics/_classification.py:1561: UserWarning: Note that pos_label (set to 'Yes') is ignored when average != 'binary' (got 'weighted'). You may use labels=[pos_label] to specify a single positive class.
  warnings.warn(

2026-08-24 13:15:43,640:WARNING:/opt/anaconda3/envs/my_pycaret/lib/python3.10/site-packages/sklearn/metrics/_classification.py:1561: UserWarning: Note that pos_label (set to 'Yes') is ignored when average != 'binary' (got 'weighted'). You may use labels=[pos_label] to specify a single positive class.
  warnings.warn(

2026-08-24 13:15:43,650:INFO:Calculating mean and std
2026-08-24 13:15:43,650:INFO:Creating metrics dataframe
2026-08-24 13:15:43,651:INFO:Uploading results into container
2026-08-24 13:15:43,651:INFO:Uploading model into container now
2026-08-24 13:15:43,651:INFO:_master_model_container: 4
2026-08-24 13:15:43,651:INFO:_display_container: 2
2026-08-24 13:15:43,652:INFO:DecisionTreeClassifier(ccp_alpha=0.0, class_weight=None, criterion='gini',
                       max_depth=None, max_features=None, max_leaf_nodes=None,
                       min_impurity_decrease=0.0, min_samples_leaf=1,
                       min_samples_split=2, min_weight_fraction_leaf=0.0,
                       monotonic_cst=None, random_state=123, splitter='best')
2026-08-24 13:15:43,652:INFO:create_model() successfully completed......................................
2026-08-24 13:15:43,703:INFO:SubProcess create_model() end ==================================
2026-08-24 13:15:43,703:INFO:Creating metrics dataframe
2026-08-24 13:15:43,707:INFO:Initializing SVM - Linear Kernel
2026-08-24 13:15:43,707:INFO:Total runtime is 0.07066375017166138 minutes
2026-08-24 13:15:43,708:INFO:SubProcess create_model() called ==================================
2026-08-24 13:15:43,708:INFO:Initializing create_model()
2026-08-24 13:15:43,708:INFO:create_model(self=<pycaret.classification.oop.ClassificationExperiment object at 0x15e8629e0>, estimator=svm, fold=StratifiedKFold(n_splits=10, random_state=None, shuffle=False), round=4, cross_validation=True, predict=True, fit_kwargs={}, groups=None, refit=False, probability_threshold=None, experiment_custom_tags=None, verbose=False, system=False, add_to_model_list=True, metrics=None, display=<pycaret.internal.display.display.CommonDisplay object at 0x15e862a10>, model_only=True, return_train_score=False, error_score=0.0, kwargs={})
2026-08-24 13:15:43,708:INFO:Checking exceptions
2026-08-24 13:15:43,708:INFO:Importing libraries
2026-08-24 13:15:43,708:INFO:Copying training dataset
2026-08-24 13:15:43,711:INFO:Defining folds
2026-08-24 13:15:43,711:INFO:Declaring metric variables
2026-08-24 13:15:43,712:INFO:Importing untrained model
2026-08-24 13:15:43,713:INFO:SVM - Linear Kernel Imported successfully
2026-08-24 13:15:43,715:INFO:Starting cross validation
2026-08-24 13:15:43,717:INFO:Cross validating with StratifiedKFold(n_splits=10, random_state=None, shuffle=False), n_jobs=-1
2026-08-24 13:15:43,790:WARNING:/opt/anaconda3/envs/my_pycaret/lib/python3.10/site-packages/sklearn/metrics/_classification.py:1561: UserWarning: Note that pos_label (set to 'Yes') is ignored when average != 'binary' (got 'weighted'). You may use labels=[pos_label] to specify a single positive class.
  warnings.warn(

2026-08-24 13:15:43,791:WARNING:/opt/anaconda3/envs/my_pycaret/lib/python3.10/site-packages/sklearn/metrics/_classification.py:1561: UserWarning: Note that pos_label (set to 'Yes') is ignored when average != 'binary' (got 'weighted'). You may use labels=[pos_label] to specify a single positive class.
  warnings.warn(

2026-08-24 13:15:43,793:WARNING:/opt/anaconda3/envs/my_pycaret/lib/python3.10/site-packages/sklearn/metrics/_classification.py:1561: UserWarning: Note that pos_label (set to 'Yes') is ignored when average != 'binary' (got 'weighted'). You may use labels=[pos_label] to specify a single positive class.
  warnings.warn(

2026-08-24 13:15:43,799:WARNING:/opt/anaconda3/envs/my_pycaret/lib/python3.10/site-packages/sklearn/metrics/_classification.py:1561: UserWarning: Note that pos_label (set to 'Yes') is ignored when average != 'binary' (got 'weighted'). You may use labels=[pos_label] to specify a single positive class.
  warnings.warn(

2026-08-24 13:15:43,800:WARNING:/opt/anaconda3/envs/my_pycaret/lib/python3.10/site-packages/sklearn/metrics/_classification.py:1561: UserWarning: Note that pos_label (set to 'Yes') is ignored when average != 'binary' (got 'weighted'). You may use labels=[pos_label] to specify a single positive class.
  warnings.warn(

2026-08-24 13:15:43,801:WARNING:/opt/anaconda3/envs/my_pycaret/lib/python3.10/site-packages/sklearn/metrics/_classification.py:1561: UserWarning: Note that pos_label (set to 'Yes') is ignored when average != 'binary' (got 'weighted'). You may use labels=[pos_label] to specify a single positive class.
  warnings.warn(

2026-08-24 13:15:43,804:WARNING:/opt/anaconda3/envs/my_pycaret/lib/python3.10/site-packages/sklearn/metrics/_classification.py:1561: UserWarning: Note that pos_label (set to 'Yes') is ignored when average != 'binary' (got 'weighted'). You may use labels=[pos_label] to specify a single positive class.
  warnings.warn(

2026-08-24 13:15:43,806:WARNING:/opt/anaconda3/envs/my_pycaret/lib/python3.10/site-packages/sklearn/metrics/_classification.py:1561: UserWarning: Note that pos_label (set to 'Yes') is ignored when average != 'binary' (got 'weighted'). You may use labels=[pos_label] to specify a single positive class.
  warnings.warn(

2026-08-24 13:15:43,809:WARNING:/opt/anaconda3/envs/my_pycaret/lib/python3.10/site-packages/sklearn/metrics/_classification.py:1561: UserWarning: Note that pos_label (set to 'Yes') is ignored when average != 'binary' (got 'weighted'). You may use labels=[pos_label] to specify a single positive class.
  warnings.warn(

2026-08-24 13:15:43,823:WARNING:/opt/anaconda3/envs/my_pycaret/lib/python3.10/site-packages/sklearn/metrics/_classification.py:1561: UserWarning: Note that pos_label (set to 'Yes') is ignored when average != 'binary' (got 'weighted'). You may use labels=[pos_label] to specify a single positive class.
  warnings.warn(

2026-08-24 13:15:43,824:WARNING:/opt/anaconda3/envs/my_pycaret/lib/python3.10/site-packages/sklearn/metrics/_classification.py:1561: UserWarning: Note that pos_label (set to 'Yes') is ignored when average != 'binary' (got 'weighted'). You may use labels=[pos_label] to specify a single positive class.
  warnings.warn(

2026-08-24 13:15:43,824:WARNING:/opt/anaconda3/envs/my_pycaret/lib/python3.10/site-packages/sklearn/metrics/_classification.py:1509: UndefinedMetricWarning: Precision is ill-defined and being set to 0.0 in labels with no predicted samples. Use `zero_division` parameter to control this behavior.
  _warn_prf(average, modifier, f"{metric.capitalize()} is", len(result))

2026-08-24 13:15:43,825:WARNING:/opt/anaconda3/envs/my_pycaret/lib/python3.10/site-packages/sklearn/metrics/_classification.py:1561: UserWarning: Note that pos_label (set to 'Yes') is ignored when average != 'binary' (got 'weighted'). You may use labels=[pos_label] to specify a single positive class.
  warnings.warn(

2026-08-24 13:15:43,826:WARNING:/opt/anaconda3/envs/my_pycaret/lib/python3.10/site-packages/sklearn/metrics/_classification.py:1561: UserWarning: Note that pos_label (set to 'Yes') is ignored when average != 'binary' (got 'weighted'). You may use labels=[pos_label] to specify a single positive class.
  warnings.warn(

2026-08-24 13:15:43,826:WARNING:/opt/anaconda3/envs/my_pycaret/lib/python3.10/site-packages/sklearn/metrics/_classification.py:1561: UserWarning: Note that pos_label (set to 'Yes') is ignored when average != 'binary' (got 'weighted'). You may use labels=[pos_label] to specify a single positive class.
  warnings.warn(

2026-08-24 13:15:43,828:WARNING:/opt/anaconda3/envs/my_pycaret/lib/python3.10/site-packages/sklearn/metrics/_classification.py:1561: UserWarning: Note that pos_label (set to 'Yes') is ignored when average != 'binary' (got 'weighted'). You may use labels=[pos_label] to specify a single positive class.
  warnings.warn(

2026-08-24 13:15:43,828:WARNING:/opt/anaconda3/envs/my_pycaret/lib/python3.10/site-packages/sklearn/metrics/_classification.py:1561: UserWarning: Note that pos_label (set to 'Yes') is ignored when average != 'binary' (got 'weighted'). You may use labels=[pos_label] to specify a single positive class.
  warnings.warn(

2026-08-24 13:15:43,829:WARNING:/opt/anaconda3/envs/my_pycaret/lib/python3.10/site-packages/sklearn/metrics/_classification.py:1561: UserWarning: Note that pos_label (set to 'Yes') is ignored when average != 'binary' (got 'weighted'). You may use labels=[pos_label] to specify a single positive class.
  warnings.warn(

2026-08-24 13:15:43,831:WARNING:/opt/anaconda3/envs/my_pycaret/lib/python3.10/site-packages/sklearn/metrics/_classification.py:1561: UserWarning: Note that pos_label (set to 'Yes') is ignored when average != 'binary' (got 'weighted'). You may use labels=[pos_label] to specify a single positive class.
  warnings.warn(

2026-08-24 13:15:43,832:WARNING:/opt/anaconda3/envs/my_pycaret/lib/python3.10/site-packages/sklearn/metrics/_classification.py:1561: UserWarning: Note that pos_label (set to 'Yes') is ignored when average != 'binary' (got 'weighted'). You may use labels=[pos_label] to specify a single positive class.
  warnings.warn(

2026-08-24 13:15:43,833:WARNING:/opt/anaconda3/envs/my_pycaret/lib/python3.10/site-packages/sklearn/metrics/_classification.py:1561: UserWarning: Note that pos_label (set to 'Yes') is ignored when average != 'binary' (got 'weighted'). You may use labels=[pos_label] to specify a single positive class.
  warnings.warn(

2026-08-24 13:15:43,834:WARNING:/opt/anaconda3/envs/my_pycaret/lib/python3.10/site-packages/sklearn/metrics/_classification.py:1561: UserWarning: Note that pos_label (set to 'Yes') is ignored when average != 'binary' (got 'weighted'). You may use labels=[pos_label] to specify a single positive class.
  warnings.warn(

2026-08-24 13:15:43,839:WARNING:/opt/anaconda3/envs/my_pycaret/lib/python3.10/site-packages/sklearn/metrics/_classification.py:1561: UserWarning: Note that pos_label (set to 'Yes') is ignored when average != 'binary' (got 'weighted'). You may use labels=[pos_label] to specify a single positive class.
  warnings.warn(

2026-08-24 13:15:43,840:WARNING:/opt/anaconda3/envs/my_pycaret/lib/python3.10/site-packages/sklearn/metrics/_classification.py:1561: UserWarning: Note that pos_label (set to 'Yes') is ignored when average != 'binary' (got 'weighted'). You may use labels=[pos_label] to specify a single positive class.
  warnings.warn(

2026-08-24 13:15:43,841:WARNING:/opt/anaconda3/envs/my_pycaret/lib/python3.10/site-packages/sklearn/metrics/_classification.py:1561: UserWarning: Note that pos_label (set to 'Yes') is ignored when average != 'binary' (got 'weighted'). You may use labels=[pos_label] to specify a single positive class.
  warnings.warn(

2026-08-24 13:15:43,857:WARNING:/opt/anaconda3/envs/my_pycaret/lib/python3.10/site-packages/sklearn/metrics/_classification.py:1561: UserWarning: Note that pos_label (set to 'Yes') is ignored when average != 'binary' (got 'weighted'). You may use labels=[pos_label] to specify a single positive class.
  warnings.warn(

2026-08-24 13:15:43,858:WARNING:/opt/anaconda3/envs/my_pycaret/lib/python3.10/site-packages/sklearn/metrics/_classification.py:1561: UserWarning: Note that pos_label (set to 'Yes') is ignored when average != 'binary' (got 'weighted'). You may use labels=[pos_label] to specify a single positive class.
  warnings.warn(

2026-08-24 13:15:43,860:WARNING:/opt/anaconda3/envs/my_pycaret/lib/python3.10/site-packages/sklearn/metrics/_classification.py:1561: UserWarning: Note that pos_label (set to 'Yes') is ignored when average != 'binary' (got 'weighted'). You may use labels=[pos_label] to specify a single positive class.
  warnings.warn(

2026-08-24 13:15:43,862:WARNING:/opt/anaconda3/envs/my_pycaret/lib/python3.10/site-packages/sklearn/metrics/_classification.py:1561: UserWarning: Note that pos_label (set to 'Yes') is ignored when average != 'binary' (got 'weighted'). You may use labels=[pos_label] to specify a single positive class.
  warnings.warn(

2026-08-24 13:15:43,863:WARNING:/opt/anaconda3/envs/my_pycaret/lib/python3.10/site-packages/sklearn/metrics/_classification.py:1561: UserWarning: Note that pos_label (set to 'Yes') is ignored when average != 'binary' (got 'weighted'). You may use labels=[pos_label] to specify a single positive class.
  warnings.warn(

2026-08-24 13:15:43,864:WARNING:/opt/anaconda3/envs/my_pycaret/lib/python3.10/site-packages/sklearn/metrics/_classification.py:1561: UserWarning: Note that pos_label (set to 'Yes') is ignored when average != 'binary' (got 'weighted'). You may use labels=[pos_label] to specify a single positive class.
  warnings.warn(

2026-08-24 13:15:43,874:INFO:Calculating mean and std
2026-08-24 13:15:43,875:INFO:Creating metrics dataframe
2026-08-24 13:15:43,876:INFO:Uploading results into container
2026-08-24 13:15:43,876:INFO:Uploading model into container now
2026-08-24 13:15:43,876:INFO:_master_model_container: 5
2026-08-24 13:15:43,876:INFO:_display_container: 2
2026-08-24 13:15:43,877:INFO:SGDClassifier(alpha=0.0001, average=False, class_weight=None,
              early_stopping=False, epsilon=0.1, eta0=0.001, fit_intercept=True,
              l1_ratio=0.15, learning_rate='optimal', loss='hinge',
              max_iter=1000, n_iter_no_change=5, n_jobs=-1, penalty='l2',
              power_t=0.5, random_state=123, shuffle=True, tol=0.001,
              validation_fraction=0.1, verbose=0, warm_start=False)
2026-08-24 13:15:43,877:INFO:create_model() successfully completed......................................
2026-08-24 13:15:43,928:INFO:SubProcess create_model() end ==================================
2026-08-24 13:15:43,928:INFO:Creating metrics dataframe
2026-08-24 13:15:43,931:INFO:Initializing Ridge Classifier
2026-08-24 13:15:43,932:INFO:Total runtime is 0.07441368500391642 minutes
2026-08-24 13:15:43,933:INFO:SubProcess create_model() called ==================================
2026-08-24 13:15:43,933:INFO:Initializing create_model()
2026-08-24 13:15:43,933:INFO:create_model(self=<pycaret.classification.oop.ClassificationExperiment object at 0x15e8629e0>, estimator=ridge, fold=StratifiedKFold(n_splits=10, random_state=None, shuffle=False), round=4, cross_validation=True, predict=True, fit_kwargs={}, groups=None, refit=False, probability_threshold=None, experiment_custom_tags=None, verbose=False, system=False, add_to_model_list=True, metrics=None, display=<pycaret.internal.display.display.CommonDisplay object at 0x15e862a10>, model_only=True, return_train_score=False, error_score=0.0, kwargs={})
2026-08-24 13:15:43,933:INFO:Checking exceptions
2026-08-24 13:15:43,933:INFO:Importing libraries
2026-08-24 13:15:43,933:INFO:Copying training dataset
2026-08-24 13:15:43,935:INFO:Defining folds
2026-08-24 13:15:43,935:INFO:Declaring metric variables
2026-08-24 13:15:43,936:INFO:Importing untrained model
2026-08-24 13:15:43,937:INFO:Ridge Classifier Imported successfully
2026-08-24 13:15:43,939:INFO:Starting cross validation
2026-08-24 13:15:43,941:INFO:Cross validating with StratifiedKFold(n_splits=10, random_state=None, shuffle=False), n_jobs=-1
2026-08-24 13:15:44,019:WARNING:/opt/anaconda3/envs/my_pycaret/lib/python3.10/site-packages/sklearn/metrics/_classification.py:1561: UserWarning: Note that pos_label (set to 'Yes') is ignored when average != 'binary' (got 'weighted'). You may use labels=[pos_label] to specify a single positive class.
  warnings.warn(

2026-08-24 13:15:44,021:WARNING:/opt/anaconda3/envs/my_pycaret/lib/python3.10/site-packages/sklearn/metrics/_classification.py:1561: UserWarning: Note that pos_label (set to 'Yes') is ignored when average != 'binary' (got 'weighted'). You may use labels=[pos_label] to specify a single positive class.
  warnings.warn(

2026-08-24 13:15:44,021:WARNING:/opt/anaconda3/envs/my_pycaret/lib/python3.10/site-packages/sklearn/metrics/_classification.py:1561: UserWarning: Note that pos_label (set to 'Yes') is ignored when average != 'binary' (got 'weighted'). You may use labels=[pos_label] to specify a single positive class.
  warnings.warn(

2026-08-24 13:15:44,022:WARNING:/opt/anaconda3/envs/my_pycaret/lib/python3.10/site-packages/sklearn/metrics/_classification.py:1561: UserWarning: Note that pos_label (set to 'Yes') is ignored when average != 'binary' (got 'weighted'). You may use labels=[pos_label] to specify a single positive class.
  warnings.warn(

2026-08-24 13:15:44,022:WARNING:/opt/anaconda3/envs/my_pycaret/lib/python3.10/site-packages/sklearn/metrics/_classification.py:1561: UserWarning: Note that pos_label (set to 'Yes') is ignored when average != 'binary' (got 'weighted'). You may use labels=[pos_label] to specify a single positive class.
  warnings.warn(

2026-08-24 13:15:44,023:WARNING:/opt/anaconda3/envs/my_pycaret/lib/python3.10/site-packages/sklearn/metrics/_classification.py:1561: UserWarning: Note that pos_label (set to 'Yes') is ignored when average != 'binary' (got 'weighted'). You may use labels=[pos_label] to specify a single positive class.
  warnings.warn(

2026-08-24 13:15:44,023:WARNING:/opt/anaconda3/envs/my_pycaret/lib/python3.10/site-packages/sklearn/metrics/_classification.py:1561: UserWarning: Note that pos_label (set to 'Yes') is ignored when average != 'binary' (got 'weighted'). You may use labels=[pos_label] to specify a single positive class.
  warnings.warn(

2026-08-24 13:15:44,024:WARNING:/opt/anaconda3/envs/my_pycaret/lib/python3.10/site-packages/sklearn/metrics/_classification.py:1561: UserWarning: Note that pos_label (set to 'Yes') is ignored when average != 'binary' (got 'weighted'). You may use labels=[pos_label] to specify a single positive class.
  warnings.warn(

2026-08-24 13:15:44,025:WARNING:/opt/anaconda3/envs/my_pycaret/lib/python3.10/site-packages/sklearn/metrics/_classification.py:1561: UserWarning: Note that pos_label (set to 'Yes') is ignored when average != 'binary' (got 'weighted'). You may use labels=[pos_label] to specify a single positive class.
  warnings.warn(

2026-08-24 13:15:44,039:WARNING:/opt/anaconda3/envs/my_pycaret/lib/python3.10/site-packages/sklearn/metrics/_classification.py:1561: UserWarning: Note that pos_label (set to 'Yes') is ignored when average != 'binary' (got 'weighted'). You may use labels=[pos_label] to specify a single positive class.
  warnings.warn(

2026-08-24 13:15:44,040:WARNING:/opt/anaconda3/envs/my_pycaret/lib/python3.10/site-packages/sklearn/metrics/_classification.py:1561: UserWarning: Note that pos_label (set to 'Yes') is ignored when average != 'binary' (got 'weighted'). You may use labels=[pos_label] to specify a single positive class.
  warnings.warn(

2026-08-24 13:15:44,041:WARNING:/opt/anaconda3/envs/my_pycaret/lib/python3.10/site-packages/sklearn/metrics/_classification.py:1561: UserWarning: Note that pos_label (set to 'Yes') is ignored when average != 'binary' (got 'weighted'). You may use labels=[pos_label] to specify a single positive class.
  warnings.warn(

2026-08-24 13:15:44,044:WARNING:/opt/anaconda3/envs/my_pycaret/lib/python3.10/site-packages/sklearn/metrics/_classification.py:1561: UserWarning: Note that pos_label (set to 'Yes') is ignored when average != 'binary' (got 'weighted'). You may use labels=[pos_label] to specify a single positive class.
  warnings.warn(

2026-08-24 13:15:44,046:WARNING:/opt/anaconda3/envs/my_pycaret/lib/python3.10/site-packages/sklearn/metrics/_classification.py:1561: UserWarning: Note that pos_label (set to 'Yes') is ignored when average != 'binary' (got 'weighted'). You may use labels=[pos_label] to specify a single positive class.
  warnings.warn(

2026-08-24 13:15:44,047:WARNING:/opt/anaconda3/envs/my_pycaret/lib/python3.10/site-packages/sklearn/metrics/_classification.py:1561: UserWarning: Note that pos_label (set to 'Yes') is ignored when average != 'binary' (got 'weighted'). You may use labels=[pos_label] to specify a single positive class.
  warnings.warn(

2026-08-24 13:15:44,051:WARNING:/opt/anaconda3/envs/my_pycaret/lib/python3.10/site-packages/sklearn/metrics/_classification.py:1561: UserWarning: Note that pos_label (set to 'Yes') is ignored when average != 'binary' (got 'weighted'). You may use labels=[pos_label] to specify a single positive class.
  warnings.warn(

2026-08-24 13:15:44,053:WARNING:/opt/anaconda3/envs/my_pycaret/lib/python3.10/site-packages/sklearn/metrics/_classification.py:1561: UserWarning: Note that pos_label (set to 'Yes') is ignored when average != 'binary' (got 'weighted'). You may use labels=[pos_label] to specify a single positive class.
  warnings.warn(

2026-08-24 13:15:44,054:WARNING:/opt/anaconda3/envs/my_pycaret/lib/python3.10/site-packages/sklearn/metrics/_classification.py:1561: UserWarning: Note that pos_label (set to 'Yes') is ignored when average != 'binary' (got 'weighted'). You may use labels=[pos_label] to specify a single positive class.
  warnings.warn(

2026-08-24 13:15:44,060:WARNING:/opt/anaconda3/envs/my_pycaret/lib/python3.10/site-packages/sklearn/metrics/_classification.py:1561: UserWarning: Note that pos_label (set to 'Yes') is ignored when average != 'binary' (got 'weighted'). You may use labels=[pos_label] to specify a single positive class.
  warnings.warn(

2026-08-24 13:15:44,061:WARNING:/opt/anaconda3/envs/my_pycaret/lib/python3.10/site-packages/sklearn/metrics/_classification.py:1561: UserWarning: Note that pos_label (set to 'Yes') is ignored when average != 'binary' (got 'weighted'). You may use labels=[pos_label] to specify a single positive class.
  warnings.warn(

2026-08-24 13:15:44,062:WARNING:/opt/anaconda3/envs/my_pycaret/lib/python3.10/site-packages/sklearn/metrics/_classification.py:1561: UserWarning: Note that pos_label (set to 'Yes') is ignored when average != 'binary' (got 'weighted'). You may use labels=[pos_label] to specify a single positive class.
  warnings.warn(

2026-08-24 13:15:44,064:WARNING:/opt/anaconda3/envs/my_pycaret/lib/python3.10/site-packages/sklearn/metrics/_classification.py:1561: UserWarning: Note that pos_label (set to 'Yes') is ignored when average != 'binary' (got 'weighted'). You may use labels=[pos_label] to specify a single positive class.
  warnings.warn(

2026-08-24 13:15:44,065:WARNING:/opt/anaconda3/envs/my_pycaret/lib/python3.10/site-packages/sklearn/metrics/_classification.py:1561: UserWarning: Note that pos_label (set to 'Yes') is ignored when average != 'binary' (got 'weighted'). You may use labels=[pos_label] to specify a single positive class.
  warnings.warn(

2026-08-24 13:15:44,066:WARNING:/opt/anaconda3/envs/my_pycaret/lib/python3.10/site-packages/sklearn/metrics/_classification.py:1561: UserWarning: Note that pos_label (set to 'Yes') is ignored when average != 'binary' (got 'weighted'). You may use labels=[pos_label] to specify a single positive class.
  warnings.warn(

2026-08-24 13:15:44,080:WARNING:/opt/anaconda3/envs/my_pycaret/lib/python3.10/site-packages/sklearn/metrics/_classification.py:1561: UserWarning: Note that pos_label (set to 'Yes') is ignored when average != 'binary' (got 'weighted'). You may use labels=[pos_label] to specify a single positive class.
  warnings.warn(

2026-08-24 13:15:44,081:WARNING:/opt/anaconda3/envs/my_pycaret/lib/python3.10/site-packages/sklearn/metrics/_classification.py:1561: UserWarning: Note that pos_label (set to 'Yes') is ignored when average != 'binary' (got 'weighted'). You may use labels=[pos_label] to specify a single positive class.
  warnings.warn(

2026-08-24 13:15:44,082:WARNING:/opt/anaconda3/envs/my_pycaret/lib/python3.10/site-packages/sklearn/metrics/_classification.py:1561: UserWarning: Note that pos_label (set to 'Yes') is ignored when average != 'binary' (got 'weighted'). You may use labels=[pos_label] to specify a single positive class.
  warnings.warn(

2026-08-24 13:15:44,082:WARNING:/opt/anaconda3/envs/my_pycaret/lib/python3.10/site-packages/sklearn/metrics/_classification.py:1561: UserWarning: Note that pos_label (set to 'Yes') is ignored when average != 'binary' (got 'weighted'). You may use labels=[pos_label] to specify a single positive class.
  warnings.warn(

2026-08-24 13:15:44,083:WARNING:/opt/anaconda3/envs/my_pycaret/lib/python3.10/site-packages/sklearn/metrics/_classification.py:1561: UserWarning: Note that pos_label (set to 'Yes') is ignored when average != 'binary' (got 'weighted'). You may use labels=[pos_label] to specify a single positive class.
  warnings.warn(

2026-08-24 13:15:44,084:WARNING:/opt/anaconda3/envs/my_pycaret/lib/python3.10/site-packages/sklearn/metrics/_classification.py:1561: UserWarning: Note that pos_label (set to 'Yes') is ignored when average != 'binary' (got 'weighted'). You may use labels=[pos_label] to specify a single positive class.
  warnings.warn(

2026-08-24 13:15:44,088:INFO:Calculating mean and std
2026-08-24 13:15:44,088:INFO:Creating metrics dataframe
2026-08-24 13:15:44,089:INFO:Uploading results into container
2026-08-24 13:15:44,089:INFO:Uploading model into container now
2026-08-24 13:15:44,090:INFO:_master_model_container: 6
2026-08-24 13:15:44,090:INFO:_display_container: 2
2026-08-24 13:15:44,090:INFO:RidgeClassifier(alpha=1.0, class_weight=None, copy_X=True, fit_intercept=True,
                max_iter=None, positive=False, random_state=123, solver='auto',
                tol=0.0001)
2026-08-24 13:15:44,090:INFO:create_model() successfully completed......................................
2026-08-24 13:15:44,142:INFO:SubProcess create_model() end ==================================
2026-08-24 13:15:44,142:INFO:Creating metrics dataframe
2026-08-24 13:15:44,145:INFO:Initializing Random Forest Classifier
2026-08-24 13:15:44,145:INFO:Total runtime is 0.07797750234603881 minutes
2026-08-24 13:15:44,147:INFO:SubProcess create_model() called ==================================
2026-08-24 13:15:44,147:INFO:Initializing create_model()
2026-08-24 13:15:44,147:INFO:create_model(self=<pycaret.classification.oop.ClassificationExperiment object at 0x15e8629e0>, estimator=rf, fold=StratifiedKFold(n_splits=10, random_state=None, shuffle=False), round=4, cross_validation=True, predict=True, fit_kwargs={}, groups=None, refit=False, probability_threshold=None, experiment_custom_tags=None, verbose=False, system=False, add_to_model_list=True, metrics=None, display=<pycaret.internal.display.display.CommonDisplay object at 0x15e862a10>, model_only=True, return_train_score=False, error_score=0.0, kwargs={})
2026-08-24 13:15:44,147:INFO:Checking exceptions
2026-08-24 13:15:44,147:INFO:Importing libraries
2026-08-24 13:15:44,147:INFO:Copying training dataset
2026-08-24 13:15:44,149:INFO:Defining folds
2026-08-24 13:15:44,149:INFO:Declaring metric variables
2026-08-24 13:15:44,150:INFO:Importing untrained model
2026-08-24 13:15:44,151:INFO:Random Forest Classifier Imported successfully
2026-08-24 13:15:44,154:INFO:Starting cross validation
2026-08-24 13:15:44,154:INFO:Cross validating with StratifiedKFold(n_splits=10, random_state=None, shuffle=False), n_jobs=-1
2026-08-24 13:15:44,406:WARNING:/opt/anaconda3/envs/my_pycaret/lib/python3.10/site-packages/sklearn/metrics/_classification.py:1561: UserWarning: Note that pos_label (set to 'Yes') is ignored when average != 'binary' (got 'weighted'). You may use labels=[pos_label] to specify a single positive class.
  warnings.warn(

2026-08-24 13:15:44,407:WARNING:/opt/anaconda3/envs/my_pycaret/lib/python3.10/site-packages/sklearn/metrics/_classification.py:1561: UserWarning: Note that pos_label (set to 'Yes') is ignored when average != 'binary' (got 'weighted'). You may use labels=[pos_label] to specify a single positive class.
  warnings.warn(

2026-08-24 13:15:44,409:WARNING:/opt/anaconda3/envs/my_pycaret/lib/python3.10/site-packages/sklearn/metrics/_classification.py:1561: UserWarning: Note that pos_label (set to 'Yes') is ignored when average != 'binary' (got 'weighted'). You may use labels=[pos_label] to specify a single positive class.
  warnings.warn(

2026-08-24 13:15:44,414:WARNING:/opt/anaconda3/envs/my_pycaret/lib/python3.10/site-packages/sklearn/metrics/_classification.py:1561: UserWarning: Note that pos_label (set to 'Yes') is ignored when average != 'binary' (got 'weighted'). You may use labels=[pos_label] to specify a single positive class.
  warnings.warn(

2026-08-24 13:15:44,415:WARNING:/opt/anaconda3/envs/my_pycaret/lib/python3.10/site-packages/sklearn/metrics/_classification.py:1561: UserWarning: Note that pos_label (set to 'Yes') is ignored when average != 'binary' (got 'weighted'). You may use labels=[pos_label] to specify a single positive class.
  warnings.warn(

2026-08-24 13:15:44,416:WARNING:/opt/anaconda3/envs/my_pycaret/lib/python3.10/site-packages/sklearn/metrics/_classification.py:1561: UserWarning: Note that pos_label (set to 'Yes') is ignored when average != 'binary' (got 'weighted'). You may use labels=[pos_label] to specify a single positive class.
  warnings.warn(

2026-08-24 13:15:44,416:WARNING:/opt/anaconda3/envs/my_pycaret/lib/python3.10/site-packages/sklearn/metrics/_classification.py:1561: UserWarning: Note that pos_label (set to 'Yes') is ignored when average != 'binary' (got 'weighted'). You may use labels=[pos_label] to specify a single positive class.
  warnings.warn(

2026-08-24 13:15:44,417:WARNING:/opt/anaconda3/envs/my_pycaret/lib/python3.10/site-packages/sklearn/metrics/_classification.py:1561: UserWarning: Note that pos_label (set to 'Yes') is ignored when average != 'binary' (got 'weighted'). You may use labels=[pos_label] to specify a single positive class.
  warnings.warn(

2026-08-24 13:15:44,418:WARNING:/opt/anaconda3/envs/my_pycaret/lib/python3.10/site-packages/sklearn/metrics/_classification.py:1561: UserWarning: Note that pos_label (set to 'Yes') is ignored when average != 'binary' (got 'weighted'). You may use labels=[pos_label] to specify a single positive class.
  warnings.warn(

2026-08-24 13:15:44,418:WARNING:/opt/anaconda3/envs/my_pycaret/lib/python3.10/site-packages/sklearn/metrics/_classification.py:1561: UserWarning: Note that pos_label (set to 'Yes') is ignored when average != 'binary' (got 'weighted'). You may use labels=[pos_label] to specify a single positive class.
  warnings.warn(

2026-08-24 13:15:44,420:WARNING:/opt/anaconda3/envs/my_pycaret/lib/python3.10/site-packages/sklearn/metrics/_classification.py:1561: UserWarning: Note that pos_label (set to 'Yes') is ignored when average != 'binary' (got 'weighted'). You may use labels=[pos_label] to specify a single positive class.
  warnings.warn(

2026-08-24 13:15:44,422:WARNING:/opt/anaconda3/envs/my_pycaret/lib/python3.10/site-packages/sklearn/metrics/_classification.py:1561: UserWarning: Note that pos_label (set to 'Yes') is ignored when average != 'binary' (got 'weighted'). You may use labels=[pos_label] to specify a single positive class.
  warnings.warn(

2026-08-24 13:15:44,423:WARNING:/opt/anaconda3/envs/my_pycaret/lib/python3.10/site-packages/sklearn/metrics/_classification.py:1561: UserWarning: Note that pos_label (set to 'Yes') is ignored when average != 'binary' (got 'weighted'). You may use labels=[pos_label] to specify a single positive class.
  warnings.warn(

2026-08-24 13:15:44,424:WARNING:/opt/anaconda3/envs/my_pycaret/lib/python3.10/site-packages/sklearn/metrics/_classification.py:1561: UserWarning: Note that pos_label (set to 'Yes') is ignored when average != 'binary' (got 'weighted'). You may use labels=[pos_label] to specify a single positive class.
  warnings.warn(

2026-08-24 13:15:44,424:WARNING:/opt/anaconda3/envs/my_pycaret/lib/python3.10/site-packages/sklearn/metrics/_classification.py:1561: UserWarning: Note that pos_label (set to 'Yes') is ignored when average != 'binary' (got 'weighted'). You may use labels=[pos_label] to specify a single positive class.
  warnings.warn(

2026-08-24 13:15:44,425:WARNING:/opt/anaconda3/envs/my_pycaret/lib/python3.10/site-packages/sklearn/metrics/_classification.py:1561: UserWarning: Note that pos_label (set to 'Yes') is ignored when average != 'binary' (got 'weighted'). You may use labels=[pos_label] to specify a single positive class.
  warnings.warn(

2026-08-24 13:15:44,427:WARNING:/opt/anaconda3/envs/my_pycaret/lib/python3.10/site-packages/sklearn/metrics/_classification.py:1561: UserWarning: Note that pos_label (set to 'Yes') is ignored when average != 'binary' (got 'weighted'). You may use labels=[pos_label] to specify a single positive class.
  warnings.warn(

2026-08-24 13:15:44,429:WARNING:/opt/anaconda3/envs/my_pycaret/lib/python3.10/site-packages/sklearn/metrics/_classification.py:1561: UserWarning: Note that pos_label (set to 'Yes') is ignored when average != 'binary' (got 'weighted'). You may use labels=[pos_label] to specify a single positive class.
  warnings.warn(

2026-08-24 13:15:44,445:WARNING:/opt/anaconda3/envs/my_pycaret/lib/python3.10/site-packages/sklearn/metrics/_classification.py:1561: UserWarning: Note that pos_label (set to 'Yes') is ignored when average != 'binary' (got 'weighted'). You may use labels=[pos_label] to specify a single positive class.
  warnings.warn(

2026-08-24 13:15:44,446:WARNING:/opt/anaconda3/envs/my_pycaret/lib/python3.10/site-packages/sklearn/metrics/_classification.py:1561: UserWarning: Note that pos_label (set to 'Yes') is ignored when average != 'binary' (got 'weighted'). You may use labels=[pos_label] to specify a single positive class.
  warnings.warn(

2026-08-24 13:15:44,447:WARNING:/opt/anaconda3/envs/my_pycaret/lib/python3.10/site-packages/sklearn/metrics/_classification.py:1561: UserWarning: Note that pos_label (set to 'Yes') is ignored when average != 'binary' (got 'weighted'). You may use labels=[pos_label] to specify a single positive class.
  warnings.warn(

2026-08-24 13:15:44,454:WARNING:/opt/anaconda3/envs/my_pycaret/lib/python3.10/site-packages/sklearn/metrics/_classification.py:1561: UserWarning: Note that pos_label (set to 'Yes') is ignored when average != 'binary' (got 'weighted'). You may use labels=[pos_label] to specify a single positive class.
  warnings.warn(

2026-08-24 13:15:44,455:WARNING:/opt/anaconda3/envs/my_pycaret/lib/python3.10/site-packages/sklearn/metrics/_classification.py:1561: UserWarning: Note that pos_label (set to 'Yes') is ignored when average != 'binary' (got 'weighted'). You may use labels=[pos_label] to specify a single positive class.
  warnings.warn(

2026-08-24 13:15:44,456:WARNING:/opt/anaconda3/envs/my_pycaret/lib/python3.10/site-packages/sklearn/metrics/_classification.py:1561: UserWarning: Note that pos_label (set to 'Yes') is ignored when average != 'binary' (got 'weighted'). You may use labels=[pos_label] to specify a single positive class.
  warnings.warn(

2026-08-24 13:15:44,565:WARNING:/opt/anaconda3/envs/my_pycaret/lib/python3.10/site-packages/sklearn/metrics/_classification.py:1561: UserWarning: Note that pos_label (set to 'Yes') is ignored when average != 'binary' (got 'weighted'). You may use labels=[pos_label] to specify a single positive class.
  warnings.warn(

2026-08-24 13:15:44,566:WARNING:/opt/anaconda3/envs/my_pycaret/lib/python3.10/site-packages/sklearn/metrics/_classification.py:1561: UserWarning: Note that pos_label (set to 'Yes') is ignored when average != 'binary' (got 'weighted'). You may use labels=[pos_label] to specify a single positive class.
  warnings.warn(

2026-08-24 13:15:44,567:WARNING:/opt/anaconda3/envs/my_pycaret/lib/python3.10/site-packages/sklearn/metrics/_classification.py:1561: UserWarning: Note that pos_label (set to 'Yes') is ignored when average != 'binary' (got 'weighted'). You may use labels=[pos_label] to specify a single positive class.
  warnings.warn(

2026-08-24 13:15:44,573:WARNING:/opt/anaconda3/envs/my_pycaret/lib/python3.10/site-packages/sklearn/metrics/_classification.py:1561: UserWarning: Note that pos_label (set to 'Yes') is ignored when average != 'binary' (got 'weighted'). You may use labels=[pos_label] to specify a single positive class.
  warnings.warn(

2026-08-24 13:15:44,575:WARNING:/opt/anaconda3/envs/my_pycaret/lib/python3.10/site-packages/sklearn/metrics/_classification.py:1561: UserWarning: Note that pos_label (set to 'Yes') is ignored when average != 'binary' (got 'weighted'). You may use labels=[pos_label] to specify a single positive class.
  warnings.warn(

2026-08-24 13:15:44,576:WARNING:/opt/anaconda3/envs/my_pycaret/lib/python3.10/site-packages/sklearn/metrics/_classification.py:1561: UserWarning: Note that pos_label (set to 'Yes') is ignored when average != 'binary' (got 'weighted'). You may use labels=[pos_label] to specify a single positive class.
  warnings.warn(

2026-08-24 13:15:44,579:INFO:Calculating mean and std
2026-08-24 13:15:44,580:INFO:Creating metrics dataframe
2026-08-24 13:15:44,580:INFO:Uploading results into container
2026-08-24 13:15:44,581:INFO:Uploading model into container now
2026-08-24 13:15:44,581:INFO:_master_model_container: 7
2026-08-24 13:15:44,581:INFO:_display_container: 2
2026-08-24 13:15:44,581:INFO:RandomForestClassifier(bootstrap=True, ccp_alpha=0.0, class_weight=None,
                       criterion='gini', max_depth=None, max_features='sqrt',
                       max_leaf_nodes=None, max_samples=None,
                       min_impurity_decrease=0.0, min_samples_leaf=1,
                       min_samples_split=2, min_weight_fraction_leaf=0.0,
                       monotonic_cst=None, n_estimators=100, n_jobs=-1,
                       oob_score=False, random_state=123, verbose=0,
                       warm_start=False)
2026-08-24 13:15:44,581:INFO:create_model() successfully completed......................................
2026-08-24 13:15:44,632:INFO:SubProcess create_model() end ==================================
2026-08-24 13:15:44,632:INFO:Creating metrics dataframe
2026-08-24 13:15:44,636:INFO:Initializing Quadratic Discriminant Analysis
2026-08-24 13:15:44,636:INFO:Total runtime is 0.0861531654993693 minutes
2026-08-24 13:15:44,637:INFO:SubProcess create_model() called ==================================
2026-08-24 13:15:44,637:INFO:Initializing create_model()
2026-08-24 13:15:44,637:INFO:create_model(self=<pycaret.classification.oop.ClassificationExperiment object at 0x15e8629e0>, estimator=qda, fold=StratifiedKFold(n_splits=10, random_state=None, shuffle=False), round=4, cross_validation=True, predict=True, fit_kwargs={}, groups=None, refit=False, probability_threshold=None, experiment_custom_tags=None, verbose=False, system=False, add_to_model_list=True, metrics=None, display=<pycaret.internal.display.display.CommonDisplay object at 0x15e862a10>, model_only=True, return_train_score=False, error_score=0.0, kwargs={})
2026-08-24 13:15:44,637:INFO:Checking exceptions
2026-08-24 13:15:44,638:INFO:Importing libraries
2026-08-24 13:15:44,638:INFO:Copying training dataset
2026-08-24 13:15:44,640:INFO:Defining folds
2026-08-24 13:15:44,640:INFO:Declaring metric variables
2026-08-24 13:15:44,641:INFO:Importing untrained model
2026-08-24 13:15:44,642:INFO:Quadratic Discriminant Analysis Imported successfully
2026-08-24 13:15:44,645:INFO:Starting cross validation
2026-08-24 13:15:44,646:INFO:Cross validating with StratifiedKFold(n_splits=10, random_state=None, shuffle=False), n_jobs=-1
2026-08-24 13:15:44,699:WARNING:/opt/anaconda3/envs/my_pycaret/lib/python3.10/site-packages/sklearn/discriminant_analysis.py:935: UserWarning: Variables are collinear
  warnings.warn("Variables are collinear")

2026-08-24 13:15:44,699:WARNING:/opt/anaconda3/envs/my_pycaret/lib/python3.10/site-packages/sklearn/discriminant_analysis.py:935: UserWarning: Variables are collinear
  warnings.warn("Variables are collinear")

2026-08-24 13:15:44,716:WARNING:/opt/anaconda3/envs/my_pycaret/lib/python3.10/site-packages/sklearn/discriminant_analysis.py:935: UserWarning: Variables are collinear
  warnings.warn("Variables are collinear")

2026-08-24 13:15:44,718:WARNING:/opt/anaconda3/envs/my_pycaret/lib/python3.10/site-packages/sklearn/discriminant_analysis.py:935: UserWarning: Variables are collinear
  warnings.warn("Variables are collinear")

2026-08-24 13:15:44,719:WARNING:/opt/anaconda3/envs/my_pycaret/lib/python3.10/site-packages/sklearn/metrics/_classification.py:1561: UserWarning: Note that pos_label (set to 'Yes') is ignored when average != 'binary' (got 'weighted'). You may use labels=[pos_label] to specify a single positive class.
  warnings.warn(

2026-08-24 13:15:44,720:WARNING:/opt/anaconda3/envs/my_pycaret/lib/python3.10/site-packages/sklearn/metrics/_classification.py:1561: UserWarning: Note that pos_label (set to 'Yes') is ignored when average != 'binary' (got 'weighted'). You may use labels=[pos_label] to specify a single positive class.
  warnings.warn(

2026-08-24 13:15:44,721:WARNING:/opt/anaconda3/envs/my_pycaret/lib/python3.10/site-packages/sklearn/metrics/_classification.py:1561: UserWarning: Note that pos_label (set to 'Yes') is ignored when average != 'binary' (got 'weighted'). You may use labels=[pos_label] to specify a single positive class.
  warnings.warn(

2026-08-24 13:15:44,721:WARNING:/opt/anaconda3/envs/my_pycaret/lib/python3.10/site-packages/sklearn/metrics/_classification.py:1561: UserWarning: Note that pos_label (set to 'Yes') is ignored when average != 'binary' (got 'weighted'). You may use labels=[pos_label] to specify a single positive class.
  warnings.warn(

2026-08-24 13:15:44,725:WARNING:/opt/anaconda3/envs/my_pycaret/lib/python3.10/site-packages/sklearn/metrics/_classification.py:1561: UserWarning: Note that pos_label (set to 'Yes') is ignored when average != 'binary' (got 'weighted'). You may use labels=[pos_label] to specify a single positive class.
  warnings.warn(

2026-08-24 13:15:44,726:WARNING:/opt/anaconda3/envs/my_pycaret/lib/python3.10/site-packages/sklearn/metrics/_classification.py:1561: UserWarning: Note that pos_label (set to 'Yes') is ignored when average != 'binary' (got 'weighted'). You may use labels=[pos_label] to specify a single positive class.
  warnings.warn(

2026-08-24 13:15:44,734:WARNING:/opt/anaconda3/envs/my_pycaret/lib/python3.10/site-packages/sklearn/discriminant_analysis.py:935: UserWarning: Variables are collinear
  warnings.warn("Variables are collinear")

2026-08-24 13:15:44,735:WARNING:/opt/anaconda3/envs/my_pycaret/lib/python3.10/site-packages/sklearn/discriminant_analysis.py:935: UserWarning: Variables are collinear
  warnings.warn("Variables are collinear")

2026-08-24 13:15:44,736:WARNING:/opt/anaconda3/envs/my_pycaret/lib/python3.10/site-packages/sklearn/discriminant_analysis.py:935: UserWarning: Variables are collinear
  warnings.warn("Variables are collinear")

2026-08-24 13:15:44,740:WARNING:/opt/anaconda3/envs/my_pycaret/lib/python3.10/site-packages/sklearn/metrics/_classification.py:1561: UserWarning: Note that pos_label (set to 'Yes') is ignored when average != 'binary' (got 'weighted'). You may use labels=[pos_label] to specify a single positive class.
  warnings.warn(

2026-08-24 13:15:44,743:WARNING:/opt/anaconda3/envs/my_pycaret/lib/python3.10/site-packages/sklearn/metrics/_classification.py:1561: UserWarning: Note that pos_label (set to 'Yes') is ignored when average != 'binary' (got 'weighted'). You may use labels=[pos_label] to specify a single positive class.
  warnings.warn(

2026-08-24 13:15:44,744:WARNING:/opt/anaconda3/envs/my_pycaret/lib/python3.10/site-packages/sklearn/metrics/_classification.py:1561: UserWarning: Note that pos_label (set to 'Yes') is ignored when average != 'binary' (got 'weighted'). You may use labels=[pos_label] to specify a single positive class.
  warnings.warn(

2026-08-24 13:15:44,752:WARNING:/opt/anaconda3/envs/my_pycaret/lib/python3.10/site-packages/sklearn/metrics/_classification.py:1561: UserWarning: Note that pos_label (set to 'Yes') is ignored when average != 'binary' (got 'weighted'). You may use labels=[pos_label] to specify a single positive class.
  warnings.warn(

2026-08-24 13:15:44,753:WARNING:/opt/anaconda3/envs/my_pycaret/lib/python3.10/site-packages/sklearn/metrics/_classification.py:1561: UserWarning: Note that pos_label (set to 'Yes') is ignored when average != 'binary' (got 'weighted'). You may use labels=[pos_label] to specify a single positive class.
  warnings.warn(

2026-08-24 13:15:44,753:WARNING:/opt/anaconda3/envs/my_pycaret/lib/python3.10/site-packages/sklearn/metrics/_classification.py:1561: UserWarning: Note that pos_label (set to 'Yes') is ignored when average != 'binary' (got 'weighted'). You may use labels=[pos_label] to specify a single positive class.
  warnings.warn(

2026-08-24 13:15:44,754:WARNING:/opt/anaconda3/envs/my_pycaret/lib/python3.10/site-packages/sklearn/metrics/_classification.py:1561: UserWarning: Note that pos_label (set to 'Yes') is ignored when average != 'binary' (got 'weighted'). You may use labels=[pos_label] to specify a single positive class.
  warnings.warn(

2026-08-24 13:15:44,754:WARNING:/opt/anaconda3/envs/my_pycaret/lib/python3.10/site-packages/sklearn/metrics/_classification.py:1561: UserWarning: Note that pos_label (set to 'Yes') is ignored when average != 'binary' (got 'weighted'). You may use labels=[pos_label] to specify a single positive class.
  warnings.warn(

2026-08-24 13:15:44,755:WARNING:/opt/anaconda3/envs/my_pycaret/lib/python3.10/site-packages/sklearn/metrics/_classification.py:1561: UserWarning: Note that pos_label (set to 'Yes') is ignored when average != 'binary' (got 'weighted'). You may use labels=[pos_label] to specify a single positive class.
  warnings.warn(

2026-08-24 13:15:44,759:WARNING:/opt/anaconda3/envs/my_pycaret/lib/python3.10/site-packages/sklearn/metrics/_classification.py:1561: UserWarning: Note that pos_label (set to 'Yes') is ignored when average != 'binary' (got 'weighted'). You may use labels=[pos_label] to specify a single positive class.
  warnings.warn(

2026-08-24 13:15:44,760:WARNING:/opt/anaconda3/envs/my_pycaret/lib/python3.10/site-packages/sklearn/metrics/_classification.py:1561: UserWarning: Note that pos_label (set to 'Yes') is ignored when average != 'binary' (got 'weighted'). You may use labels=[pos_label] to specify a single positive class.
  warnings.warn(

2026-08-24 13:15:44,760:WARNING:/opt/anaconda3/envs/my_pycaret/lib/python3.10/site-packages/sklearn/metrics/_classification.py:1561: UserWarning: Note that pos_label (set to 'Yes') is ignored when average != 'binary' (got 'weighted'). You may use labels=[pos_label] to specify a single positive class.
  warnings.warn(

2026-08-24 13:15:44,761:WARNING:/opt/anaconda3/envs/my_pycaret/lib/python3.10/site-packages/sklearn/metrics/_classification.py:1561: UserWarning: Note that pos_label (set to 'Yes') is ignored when average != 'binary' (got 'weighted'). You may use labels=[pos_label] to specify a single positive class.
  warnings.warn(

2026-08-24 13:15:44,761:WARNING:/opt/anaconda3/envs/my_pycaret/lib/python3.10/site-packages/sklearn/metrics/_classification.py:1561: UserWarning: Note that pos_label (set to 'Yes') is ignored when average != 'binary' (got 'weighted'). You may use labels=[pos_label] to specify a single positive class.
  warnings.warn(

2026-08-24 13:15:44,762:WARNING:/opt/anaconda3/envs/my_pycaret/lib/python3.10/site-packages/sklearn/metrics/_classification.py:1561: UserWarning: Note that pos_label (set to 'Yes') is ignored when average != 'binary' (got 'weighted'). You may use labels=[pos_label] to specify a single positive class.
  warnings.warn(

2026-08-24 13:15:44,767:WARNING:/opt/anaconda3/envs/my_pycaret/lib/python3.10/site-packages/sklearn/discriminant_analysis.py:935: UserWarning: Variables are collinear
  warnings.warn("Variables are collinear")

2026-08-24 13:15:44,768:WARNING:/opt/anaconda3/envs/my_pycaret/lib/python3.10/site-packages/sklearn/discriminant_analysis.py:935: UserWarning: Variables are collinear
  warnings.warn("Variables are collinear")

2026-08-24 13:15:44,780:WARNING:/opt/anaconda3/envs/my_pycaret/lib/python3.10/site-packages/sklearn/discriminant_analysis.py:935: UserWarning: Variables are collinear
  warnings.warn("Variables are collinear")

2026-08-24 13:15:44,782:WARNING:/opt/anaconda3/envs/my_pycaret/lib/python3.10/site-packages/sklearn/metrics/_classification.py:1561: UserWarning: Note that pos_label (set to 'Yes') is ignored when average != 'binary' (got 'weighted'). You may use labels=[pos_label] to specify a single positive class.
  warnings.warn(

2026-08-24 13:15:44,783:WARNING:/opt/anaconda3/envs/my_pycaret/lib/python3.10/site-packages/sklearn/metrics/_classification.py:1561: UserWarning: Note that pos_label (set to 'Yes') is ignored when average != 'binary' (got 'weighted'). You may use labels=[pos_label] to specify a single positive class.
  warnings.warn(

2026-08-24 13:15:44,784:WARNING:/opt/anaconda3/envs/my_pycaret/lib/python3.10/site-packages/sklearn/metrics/_classification.py:1561: UserWarning: Note that pos_label (set to 'Yes') is ignored when average != 'binary' (got 'weighted'). You may use labels=[pos_label] to specify a single positive class.
  warnings.warn(

2026-08-24 13:15:44,784:WARNING:/opt/anaconda3/envs/my_pycaret/lib/python3.10/site-packages/sklearn/metrics/_classification.py:1561: UserWarning: Note that pos_label (set to 'Yes') is ignored when average != 'binary' (got 'weighted'). You may use labels=[pos_label] to specify a single positive class.
  warnings.warn(

2026-08-24 13:15:44,785:WARNING:/opt/anaconda3/envs/my_pycaret/lib/python3.10/site-packages/sklearn/metrics/_classification.py:1561: UserWarning: Note that pos_label (set to 'Yes') is ignored when average != 'binary' (got 'weighted'). You may use labels=[pos_label] to specify a single positive class.
  warnings.warn(

2026-08-24 13:15:44,786:WARNING:/opt/anaconda3/envs/my_pycaret/lib/python3.10/site-packages/sklearn/metrics/_classification.py:1561: UserWarning: Note that pos_label (set to 'Yes') is ignored when average != 'binary' (got 'weighted'). You may use labels=[pos_label] to specify a single positive class.
  warnings.warn(

2026-08-24 13:15:44,794:WARNING:/opt/anaconda3/envs/my_pycaret/lib/python3.10/site-packages/sklearn/metrics/_classification.py:1561: UserWarning: Note that pos_label (set to 'Yes') is ignored when average != 'binary' (got 'weighted'). You may use labels=[pos_label] to specify a single positive class.
  warnings.warn(

2026-08-24 13:15:44,795:WARNING:/opt/anaconda3/envs/my_pycaret/lib/python3.10/site-packages/sklearn/metrics/_classification.py:1561: UserWarning: Note that pos_label (set to 'Yes') is ignored when average != 'binary' (got 'weighted'). You may use labels=[pos_label] to specify a single positive class.
  warnings.warn(

2026-08-24 13:15:44,796:WARNING:/opt/anaconda3/envs/my_pycaret/lib/python3.10/site-packages/sklearn/metrics/_classification.py:1561: UserWarning: Note that pos_label (set to 'Yes') is ignored when average != 'binary' (got 'weighted'). You may use labels=[pos_label] to specify a single positive class.
  warnings.warn(

2026-08-24 13:15:44,809:INFO:Calculating mean and std
2026-08-24 13:15:44,809:INFO:Creating metrics dataframe
2026-08-24 13:15:44,810:INFO:Uploading results into container
2026-08-24 13:15:44,810:INFO:Uploading model into container now
2026-08-24 13:15:44,811:INFO:_master_model_container: 8
2026-08-24 13:15:44,811:INFO:_display_container: 2
2026-08-24 13:15:44,811:INFO:QuadraticDiscriminantAnalysis(priors=None, reg_param=0.0,
                              store_covariance=False, tol=0.0001)
2026-08-24 13:15:44,811:INFO:create_model() successfully completed......................................
2026-08-24 13:15:44,862:INFO:SubProcess create_model() end ==================================
2026-08-24 13:15:44,863:INFO:Creating metrics dataframe
2026-08-24 13:15:44,867:INFO:Initializing Ada Boost Classifier
2026-08-24 13:15:44,867:INFO:Total runtime is 0.08999716838200887 minutes
2026-08-24 13:15:44,868:INFO:SubProcess create_model() called ==================================
2026-08-24 13:15:44,868:INFO:Initializing create_model()
2026-08-24 13:15:44,868:INFO:create_model(self=<pycaret.classification.oop.ClassificationExperiment object at 0x15e8629e0>, estimator=ada, fold=StratifiedKFold(n_splits=10, random_state=None, shuffle=False), round=4, cross_validation=True, predict=True, fit_kwargs={}, groups=None, refit=False, probability_threshold=None, experiment_custom_tags=None, verbose=False, system=False, add_to_model_list=True, metrics=None, display=<pycaret.internal.display.display.CommonDisplay object at 0x15e862a10>, model_only=True, return_train_score=False, error_score=0.0, kwargs={})
2026-08-24 13:15:44,868:INFO:Checking exceptions
2026-08-24 13:15:44,868:INFO:Importing libraries
2026-08-24 13:15:44,868:INFO:Copying training dataset
2026-08-24 13:15:44,870:INFO:Defining folds
2026-08-24 13:15:44,870:INFO:Declaring metric variables
2026-08-24 13:15:44,872:INFO:Importing untrained model
2026-08-24 13:15:44,874:INFO:Ada Boost Classifier Imported successfully
2026-08-24 13:15:44,877:INFO:Starting cross validation
2026-08-24 13:15:44,878:INFO:Cross validating with StratifiedKFold(n_splits=10, random_state=None, shuffle=False), n_jobs=-1
2026-08-24 13:15:44,928:WARNING:/opt/anaconda3/envs/my_pycaret/lib/python3.10/site-packages/sklearn/ensemble/_weight_boosting.py:519: FutureWarning: The SAMME.R algorithm (the default) is deprecated and will be removed in 1.6. Use the SAMME algorithm to circumvent this warning.
  warnings.warn(

2026-08-24 13:15:44,937:WARNING:/opt/anaconda3/envs/my_pycaret/lib/python3.10/site-packages/sklearn/ensemble/_weight_boosting.py:519: FutureWarning: The SAMME.R algorithm (the default) is deprecated and will be removed in 1.6. Use the SAMME algorithm to circumvent this warning.
  warnings.warn(

2026-08-24 13:15:44,939:WARNING:/opt/anaconda3/envs/my_pycaret/lib/python3.10/site-packages/sklearn/ensemble/_weight_boosting.py:519: FutureWarning: The SAMME.R algorithm (the default) is deprecated and will be removed in 1.6. Use the SAMME algorithm to circumvent this warning.
  warnings.warn(

2026-08-24 13:15:44,945:WARNING:/opt/anaconda3/envs/my_pycaret/lib/python3.10/site-packages/sklearn/ensemble/_weight_boosting.py:519: FutureWarning: The SAMME.R algorithm (the default) is deprecated and will be removed in 1.6. Use the SAMME algorithm to circumvent this warning.
  warnings.warn(

2026-08-24 13:15:44,951:WARNING:/opt/anaconda3/envs/my_pycaret/lib/python3.10/site-packages/sklearn/ensemble/_weight_boosting.py:519: FutureWarning: The SAMME.R algorithm (the default) is deprecated and will be removed in 1.6. Use the SAMME algorithm to circumvent this warning.
  warnings.warn(

2026-08-24 13:15:44,955:WARNING:/opt/anaconda3/envs/my_pycaret/lib/python3.10/site-packages/sklearn/ensemble/_weight_boosting.py:519: FutureWarning: The SAMME.R algorithm (the default) is deprecated and will be removed in 1.6. Use the SAMME algorithm to circumvent this warning.
  warnings.warn(

2026-08-24 13:15:44,964:WARNING:/opt/anaconda3/envs/my_pycaret/lib/python3.10/site-packages/sklearn/ensemble/_weight_boosting.py:519: FutureWarning: The SAMME.R algorithm (the default) is deprecated and will be removed in 1.6. Use the SAMME algorithm to circumvent this warning.
  warnings.warn(

2026-08-24 13:15:44,973:WARNING:/opt/anaconda3/envs/my_pycaret/lib/python3.10/site-packages/sklearn/ensemble/_weight_boosting.py:519: FutureWarning: The SAMME.R algorithm (the default) is deprecated and will be removed in 1.6. Use the SAMME algorithm to circumvent this warning.
  warnings.warn(

2026-08-24 13:15:45,042:WARNING:/opt/anaconda3/envs/my_pycaret/lib/python3.10/site-packages/sklearn/metrics/_classification.py:1561: UserWarning: Note that pos_label (set to 'Yes') is ignored when average != 'binary' (got 'weighted'). You may use labels=[pos_label] to specify a single positive class.
  warnings.warn(

2026-08-24 13:15:45,044:WARNING:/opt/anaconda3/envs/my_pycaret/lib/python3.10/site-packages/sklearn/metrics/_classification.py:1561: UserWarning: Note that pos_label (set to 'Yes') is ignored when average != 'binary' (got 'weighted'). You may use labels=[pos_label] to specify a single positive class.
  warnings.warn(

2026-08-24 13:15:45,045:WARNING:/opt/anaconda3/envs/my_pycaret/lib/python3.10/site-packages/sklearn/metrics/_classification.py:1561: UserWarning: Note that pos_label (set to 'Yes') is ignored when average != 'binary' (got 'weighted'). You may use labels=[pos_label] to specify a single positive class.
  warnings.warn(

2026-08-24 13:15:45,053:WARNING:/opt/anaconda3/envs/my_pycaret/lib/python3.10/site-packages/sklearn/metrics/_classification.py:1561: UserWarning: Note that pos_label (set to 'Yes') is ignored when average != 'binary' (got 'weighted'). You may use labels=[pos_label] to specify a single positive class.
  warnings.warn(

2026-08-24 13:15:45,055:WARNING:/opt/anaconda3/envs/my_pycaret/lib/python3.10/site-packages/sklearn/metrics/_classification.py:1561: UserWarning: Note that pos_label (set to 'Yes') is ignored when average != 'binary' (got 'weighted'). You may use labels=[pos_label] to specify a single positive class.
  warnings.warn(

2026-08-24 13:15:45,056:WARNING:/opt/anaconda3/envs/my_pycaret/lib/python3.10/site-packages/sklearn/metrics/_classification.py:1561: UserWarning: Note that pos_label (set to 'Yes') is ignored when average != 'binary' (got 'weighted'). You may use labels=[pos_label] to specify a single positive class.
  warnings.warn(

2026-08-24 13:15:45,060:WARNING:/opt/anaconda3/envs/my_pycaret/lib/python3.10/site-packages/sklearn/metrics/_classification.py:1561: UserWarning: Note that pos_label (set to 'Yes') is ignored when average != 'binary' (got 'weighted'). You may use labels=[pos_label] to specify a single positive class.
  warnings.warn(

2026-08-24 13:15:45,062:WARNING:/opt/anaconda3/envs/my_pycaret/lib/python3.10/site-packages/sklearn/metrics/_classification.py:1561: UserWarning: Note that pos_label (set to 'Yes') is ignored when average != 'binary' (got 'weighted'). You may use labels=[pos_label] to specify a single positive class.
  warnings.warn(

2026-08-24 13:15:45,062:WARNING:/opt/anaconda3/envs/my_pycaret/lib/python3.10/site-packages/sklearn/metrics/_classification.py:1561: UserWarning: Note that pos_label (set to 'Yes') is ignored when average != 'binary' (got 'weighted'). You may use labels=[pos_label] to specify a single positive class.
  warnings.warn(

2026-08-24 13:15:45,063:WARNING:/opt/anaconda3/envs/my_pycaret/lib/python3.10/site-packages/sklearn/metrics/_classification.py:1561: UserWarning: Note that pos_label (set to 'Yes') is ignored when average != 'binary' (got 'weighted'). You may use labels=[pos_label] to specify a single positive class.
  warnings.warn(

2026-08-24 13:15:45,063:WARNING:/opt/anaconda3/envs/my_pycaret/lib/python3.10/site-packages/sklearn/metrics/_classification.py:1561: UserWarning: Note that pos_label (set to 'Yes') is ignored when average != 'binary' (got 'weighted'). You may use labels=[pos_label] to specify a single positive class.
  warnings.warn(

2026-08-24 13:15:45,064:WARNING:/opt/anaconda3/envs/my_pycaret/lib/python3.10/site-packages/sklearn/metrics/_classification.py:1561: UserWarning: Note that pos_label (set to 'Yes') is ignored when average != 'binary' (got 'weighted'). You may use labels=[pos_label] to specify a single positive class.
  warnings.warn(

2026-08-24 13:15:45,074:WARNING:/opt/anaconda3/envs/my_pycaret/lib/python3.10/site-packages/sklearn/metrics/_classification.py:1561: UserWarning: Note that pos_label (set to 'Yes') is ignored when average != 'binary' (got 'weighted'). You may use labels=[pos_label] to specify a single positive class.
  warnings.warn(

2026-08-24 13:15:45,074:WARNING:/opt/anaconda3/envs/my_pycaret/lib/python3.10/site-packages/sklearn/metrics/_classification.py:1561: UserWarning: Note that pos_label (set to 'Yes') is ignored when average != 'binary' (got 'weighted'). You may use labels=[pos_label] to specify a single positive class.
  warnings.warn(

2026-08-24 13:15:45,075:WARNING:/opt/anaconda3/envs/my_pycaret/lib/python3.10/site-packages/sklearn/metrics/_classification.py:1561: UserWarning: Note that pos_label (set to 'Yes') is ignored when average != 'binary' (got 'weighted'). You may use labels=[pos_label] to specify a single positive class.
  warnings.warn(

2026-08-24 13:15:45,075:WARNING:/opt/anaconda3/envs/my_pycaret/lib/python3.10/site-packages/sklearn/metrics/_classification.py:1561: UserWarning: Note that pos_label (set to 'Yes') is ignored when average != 'binary' (got 'weighted'). You may use labels=[pos_label] to specify a single positive class.
  warnings.warn(

2026-08-24 13:15:45,076:WARNING:/opt/anaconda3/envs/my_pycaret/lib/python3.10/site-packages/sklearn/metrics/_classification.py:1561: UserWarning: Note that pos_label (set to 'Yes') is ignored when average != 'binary' (got 'weighted'). You may use labels=[pos_label] to specify a single positive class.
  warnings.warn(

2026-08-24 13:15:45,078:WARNING:/opt/anaconda3/envs/my_pycaret/lib/python3.10/site-packages/sklearn/metrics/_classification.py:1561: UserWarning: Note that pos_label (set to 'Yes') is ignored when average != 'binary' (got 'weighted'). You may use labels=[pos_label] to specify a single positive class.
  warnings.warn(

2026-08-24 13:15:45,080:WARNING:/opt/anaconda3/envs/my_pycaret/lib/python3.10/site-packages/sklearn/metrics/_classification.py:1561: UserWarning: Note that pos_label (set to 'Yes') is ignored when average != 'binary' (got 'weighted'). You may use labels=[pos_label] to specify a single positive class.
  warnings.warn(

2026-08-24 13:15:45,081:WARNING:/opt/anaconda3/envs/my_pycaret/lib/python3.10/site-packages/sklearn/metrics/_classification.py:1561: UserWarning: Note that pos_label (set to 'Yes') is ignored when average != 'binary' (got 'weighted'). You may use labels=[pos_label] to specify a single positive class.
  warnings.warn(

2026-08-24 13:15:45,081:WARNING:/opt/anaconda3/envs/my_pycaret/lib/python3.10/site-packages/sklearn/metrics/_classification.py:1561: UserWarning: Note that pos_label (set to 'Yes') is ignored when average != 'binary' (got 'weighted'). You may use labels=[pos_label] to specify a single positive class.
  warnings.warn(

2026-08-24 13:15:45,082:WARNING:/opt/anaconda3/envs/my_pycaret/lib/python3.10/site-packages/sklearn/metrics/_classification.py:1561: UserWarning: Note that pos_label (set to 'Yes') is ignored when average != 'binary' (got 'weighted'). You may use labels=[pos_label] to specify a single positive class.
  warnings.warn(

2026-08-24 13:15:45,082:WARNING:/opt/anaconda3/envs/my_pycaret/lib/python3.10/site-packages/sklearn/metrics/_classification.py:1561: UserWarning: Note that pos_label (set to 'Yes') is ignored when average != 'binary' (got 'weighted'). You may use labels=[pos_label] to specify a single positive class.
  warnings.warn(

2026-08-24 13:15:45,083:WARNING:/opt/anaconda3/envs/my_pycaret/lib/python3.10/site-packages/sklearn/metrics/_classification.py:1561: UserWarning: Note that pos_label (set to 'Yes') is ignored when average != 'binary' (got 'weighted'). You may use labels=[pos_label] to specify a single positive class.
  warnings.warn(

2026-08-24 13:15:45,092:WARNING:/opt/anaconda3/envs/my_pycaret/lib/python3.10/site-packages/sklearn/ensemble/_weight_boosting.py:519: FutureWarning: The SAMME.R algorithm (the default) is deprecated and will be removed in 1.6. Use the SAMME algorithm to circumvent this warning.
  warnings.warn(

2026-08-24 13:15:45,097:WARNING:/opt/anaconda3/envs/my_pycaret/lib/python3.10/site-packages/sklearn/ensemble/_weight_boosting.py:519: FutureWarning: The SAMME.R algorithm (the default) is deprecated and will be removed in 1.6. Use the SAMME algorithm to circumvent this warning.
  warnings.warn(

2026-08-24 13:15:45,159:WARNING:/opt/anaconda3/envs/my_pycaret/lib/python3.10/site-packages/sklearn/metrics/_classification.py:1561: UserWarning: Note that pos_label (set to 'Yes') is ignored when average != 'binary' (got 'weighted'). You may use labels=[pos_label] to specify a single positive class.
  warnings.warn(

2026-08-24 13:15:45,160:WARNING:/opt/anaconda3/envs/my_pycaret/lib/python3.10/site-packages/sklearn/metrics/_classification.py:1561: UserWarning: Note that pos_label (set to 'Yes') is ignored when average != 'binary' (got 'weighted'). You may use labels=[pos_label] to specify a single positive class.
  warnings.warn(

2026-08-24 13:15:45,161:WARNING:/opt/anaconda3/envs/my_pycaret/lib/python3.10/site-packages/sklearn/metrics/_classification.py:1561: UserWarning: Note that pos_label (set to 'Yes') is ignored when average != 'binary' (got 'weighted'). You may use labels=[pos_label] to specify a single positive class.
  warnings.warn(

2026-08-24 13:15:45,164:WARNING:/opt/anaconda3/envs/my_pycaret/lib/python3.10/site-packages/sklearn/metrics/_classification.py:1561: UserWarning: Note that pos_label (set to 'Yes') is ignored when average != 'binary' (got 'weighted'). You may use labels=[pos_label] to specify a single positive class.
  warnings.warn(

2026-08-24 13:15:45,165:WARNING:/opt/anaconda3/envs/my_pycaret/lib/python3.10/site-packages/sklearn/metrics/_classification.py:1561: UserWarning: Note that pos_label (set to 'Yes') is ignored when average != 'binary' (got 'weighted'). You may use labels=[pos_label] to specify a single positive class.
  warnings.warn(

2026-08-24 13:15:45,166:WARNING:/opt/anaconda3/envs/my_pycaret/lib/python3.10/site-packages/sklearn/metrics/_classification.py:1561: UserWarning: Note that pos_label (set to 'Yes') is ignored when average != 'binary' (got 'weighted'). You may use labels=[pos_label] to specify a single positive class.
  warnings.warn(

2026-08-24 13:15:45,172:INFO:Calculating mean and std
2026-08-24 13:15:45,173:INFO:Creating metrics dataframe
2026-08-24 13:15:45,174:INFO:Uploading results into container
2026-08-24 13:15:45,174:INFO:Uploading model into container now
2026-08-24 13:15:45,174:INFO:_master_model_container: 9
2026-08-24 13:15:45,174:INFO:_display_container: 2
2026-08-24 13:15:45,174:INFO:AdaBoostClassifier(algorithm='SAMME.R', estimator=None, learning_rate=1.0,
                   n_estimators=50, random_state=123)
2026-08-24 13:15:45,174:INFO:create_model() successfully completed......................................
2026-08-24 13:15:45,226:INFO:SubProcess create_model() end ==================================
2026-08-24 13:15:45,226:INFO:Creating metrics dataframe
2026-08-24 13:15:45,230:INFO:Initializing Gradient Boosting Classifier
2026-08-24 13:15:45,230:INFO:Total runtime is 0.09605303605397543 minutes
2026-08-24 13:15:45,231:INFO:SubProcess create_model() called ==================================
2026-08-24 13:15:45,231:INFO:Initializing create_model()
2026-08-24 13:15:45,231:INFO:create_model(self=<pycaret.classification.oop.ClassificationExperiment object at 0x15e8629e0>, estimator=gbc, fold=StratifiedKFold(n_splits=10, random_state=None, shuffle=False), round=4, cross_validation=True, predict=True, fit_kwargs={}, groups=None, refit=False, probability_threshold=None, experiment_custom_tags=None, verbose=False, system=False, add_to_model_list=True, metrics=None, display=<pycaret.internal.display.display.CommonDisplay object at 0x15e862a10>, model_only=True, return_train_score=False, error_score=0.0, kwargs={})
2026-08-24 13:15:45,231:INFO:Checking exceptions
2026-08-24 13:15:45,231:INFO:Importing libraries
2026-08-24 13:15:45,231:INFO:Copying training dataset
2026-08-24 13:15:45,234:INFO:Defining folds
2026-08-24 13:15:45,234:INFO:Declaring metric variables
2026-08-24 13:15:45,235:INFO:Importing untrained model
2026-08-24 13:15:45,236:INFO:Gradient Boosting Classifier Imported successfully
2026-08-24 13:15:45,238:INFO:Starting cross validation
2026-08-24 13:15:45,239:INFO:Cross validating with StratifiedKFold(n_splits=10, random_state=None, shuffle=False), n_jobs=-1
2026-08-24 13:15:45,534:WARNING:/opt/anaconda3/envs/my_pycaret/lib/python3.10/site-packages/sklearn/metrics/_classification.py:1561: UserWarning: Note that pos_label (set to 'Yes') is ignored when average != 'binary' (got 'weighted'). You may use labels=[pos_label] to specify a single positive class.
  warnings.warn(

2026-08-24 13:15:45,535:WARNING:/opt/anaconda3/envs/my_pycaret/lib/python3.10/site-packages/sklearn/metrics/_classification.py:1561: UserWarning: Note that pos_label (set to 'Yes') is ignored when average != 'binary' (got 'weighted'). You may use labels=[pos_label] to specify a single positive class.
  warnings.warn(

2026-08-24 13:15:45,536:WARNING:/opt/anaconda3/envs/my_pycaret/lib/python3.10/site-packages/sklearn/metrics/_classification.py:1561: UserWarning: Note that pos_label (set to 'Yes') is ignored when average != 'binary' (got 'weighted'). You may use labels=[pos_label] to specify a single positive class.
  warnings.warn(

2026-08-24 13:15:45,561:WARNING:/opt/anaconda3/envs/my_pycaret/lib/python3.10/site-packages/sklearn/metrics/_classification.py:1561: UserWarning: Note that pos_label (set to 'Yes') is ignored when average != 'binary' (got 'weighted'). You may use labels=[pos_label] to specify a single positive class.
  warnings.warn(

2026-08-24 13:15:45,562:WARNING:/opt/anaconda3/envs/my_pycaret/lib/python3.10/site-packages/sklearn/metrics/_classification.py:1561: UserWarning: Note that pos_label (set to 'Yes') is ignored when average != 'binary' (got 'weighted'). You may use labels=[pos_label] to specify a single positive class.
  warnings.warn(

2026-08-24 13:15:45,563:WARNING:/opt/anaconda3/envs/my_pycaret/lib/python3.10/site-packages/sklearn/metrics/_classification.py:1561: UserWarning: Note that pos_label (set to 'Yes') is ignored when average != 'binary' (got 'weighted'). You may use labels=[pos_label] to specify a single positive class.
  warnings.warn(

2026-08-24 13:15:45,564:WARNING:/opt/anaconda3/envs/my_pycaret/lib/python3.10/site-packages/sklearn/metrics/_classification.py:1561: UserWarning: Note that pos_label (set to 'Yes') is ignored when average != 'binary' (got 'weighted'). You may use labels=[pos_label] to specify a single positive class.
  warnings.warn(

2026-08-24 13:15:45,565:WARNING:/opt/anaconda3/envs/my_pycaret/lib/python3.10/site-packages/sklearn/metrics/_classification.py:1561: UserWarning: Note that pos_label (set to 'Yes') is ignored when average != 'binary' (got 'weighted'). You may use labels=[pos_label] to specify a single positive class.
  warnings.warn(

2026-08-24 13:15:45,566:WARNING:/opt/anaconda3/envs/my_pycaret/lib/python3.10/site-packages/sklearn/metrics/_classification.py:1561: UserWarning: Note that pos_label (set to 'Yes') is ignored when average != 'binary' (got 'weighted'). You may use labels=[pos_label] to specify a single positive class.
  warnings.warn(

2026-08-24 13:15:45,568:WARNING:/opt/anaconda3/envs/my_pycaret/lib/python3.10/site-packages/sklearn/metrics/_classification.py:1561: UserWarning: Note that pos_label (set to 'Yes') is ignored when average != 'binary' (got 'weighted'). You may use labels=[pos_label] to specify a single positive class.
  warnings.warn(

2026-08-24 13:15:45,568:WARNING:/opt/anaconda3/envs/my_pycaret/lib/python3.10/site-packages/sklearn/metrics/_classification.py:1561: UserWarning: Note that pos_label (set to 'Yes') is ignored when average != 'binary' (got 'weighted'). You may use labels=[pos_label] to specify a single positive class.
  warnings.warn(

2026-08-24 13:15:45,569:WARNING:/opt/anaconda3/envs/my_pycaret/lib/python3.10/site-packages/sklearn/metrics/_classification.py:1561: UserWarning: Note that pos_label (set to 'Yes') is ignored when average != 'binary' (got 'weighted'). You may use labels=[pos_label] to specify a single positive class.
  warnings.warn(

2026-08-24 13:15:45,569:WARNING:/opt/anaconda3/envs/my_pycaret/lib/python3.10/site-packages/sklearn/metrics/_classification.py:1561: UserWarning: Note that pos_label (set to 'Yes') is ignored when average != 'binary' (got 'weighted'). You may use labels=[pos_label] to specify a single positive class.
  warnings.warn(

2026-08-24 13:15:45,570:WARNING:/opt/anaconda3/envs/my_pycaret/lib/python3.10/site-packages/sklearn/metrics/_classification.py:1561: UserWarning: Note that pos_label (set to 'Yes') is ignored when average != 'binary' (got 'weighted'). You may use labels=[pos_label] to specify a single positive class.
  warnings.warn(

2026-08-24 13:15:45,572:WARNING:/opt/anaconda3/envs/my_pycaret/lib/python3.10/site-packages/sklearn/metrics/_classification.py:1561: UserWarning: Note that pos_label (set to 'Yes') is ignored when average != 'binary' (got 'weighted'). You may use labels=[pos_label] to specify a single positive class.
  warnings.warn(

2026-08-24 13:15:45,581:WARNING:/opt/anaconda3/envs/my_pycaret/lib/python3.10/site-packages/sklearn/metrics/_classification.py:1561: UserWarning: Note that pos_label (set to 'Yes') is ignored when average != 'binary' (got 'weighted'). You may use labels=[pos_label] to specify a single positive class.
  warnings.warn(

2026-08-24 13:15:45,582:WARNING:/opt/anaconda3/envs/my_pycaret/lib/python3.10/site-packages/sklearn/metrics/_classification.py:1561: UserWarning: Note that pos_label (set to 'Yes') is ignored when average != 'binary' (got 'weighted'). You may use labels=[pos_label] to specify a single positive class.
  warnings.warn(

2026-08-24 13:15:45,583:WARNING:/opt/anaconda3/envs/my_pycaret/lib/python3.10/site-packages/sklearn/metrics/_classification.py:1561: UserWarning: Note that pos_label (set to 'Yes') is ignored when average != 'binary' (got 'weighted'). You may use labels=[pos_label] to specify a single positive class.
  warnings.warn(

2026-08-24 13:15:45,602:WARNING:/opt/anaconda3/envs/my_pycaret/lib/python3.10/site-packages/sklearn/metrics/_classification.py:1561: UserWarning: Note that pos_label (set to 'Yes') is ignored when average != 'binary' (got 'weighted'). You may use labels=[pos_label] to specify a single positive class.
  warnings.warn(

2026-08-24 13:15:45,602:WARNING:/opt/anaconda3/envs/my_pycaret/lib/python3.10/site-packages/sklearn/metrics/_classification.py:1561: UserWarning: Note that pos_label (set to 'Yes') is ignored when average != 'binary' (got 'weighted'). You may use labels=[pos_label] to specify a single positive class.
  warnings.warn(

2026-08-24 13:15:45,603:WARNING:/opt/anaconda3/envs/my_pycaret/lib/python3.10/site-packages/sklearn/metrics/_classification.py:1561: UserWarning: Note that pos_label (set to 'Yes') is ignored when average != 'binary' (got 'weighted'). You may use labels=[pos_label] to specify a single positive class.
  warnings.warn(

2026-08-24 13:15:45,603:WARNING:/opt/anaconda3/envs/my_pycaret/lib/python3.10/site-packages/sklearn/metrics/_classification.py:1561: UserWarning: Note that pos_label (set to 'Yes') is ignored when average != 'binary' (got 'weighted'). You may use labels=[pos_label] to specify a single positive class.
  warnings.warn(

2026-08-24 13:15:45,604:WARNING:/opt/anaconda3/envs/my_pycaret/lib/python3.10/site-packages/sklearn/metrics/_classification.py:1561: UserWarning: Note that pos_label (set to 'Yes') is ignored when average != 'binary' (got 'weighted'). You may use labels=[pos_label] to specify a single positive class.
  warnings.warn(

2026-08-24 13:15:45,604:WARNING:/opt/anaconda3/envs/my_pycaret/lib/python3.10/site-packages/sklearn/metrics/_classification.py:1561: UserWarning: Note that pos_label (set to 'Yes') is ignored when average != 'binary' (got 'weighted'). You may use labels=[pos_label] to specify a single positive class.
  warnings.warn(

2026-08-24 13:15:45,751:WARNING:/opt/anaconda3/envs/my_pycaret/lib/python3.10/site-packages/sklearn/metrics/_classification.py:1561: UserWarning: Note that pos_label (set to 'Yes') is ignored when average != 'binary' (got 'weighted'). You may use labels=[pos_label] to specify a single positive class.
  warnings.warn(

2026-08-24 13:15:45,752:WARNING:/opt/anaconda3/envs/my_pycaret/lib/python3.10/site-packages/sklearn/metrics/_classification.py:1561: UserWarning: Note that pos_label (set to 'Yes') is ignored when average != 'binary' (got 'weighted'). You may use labels=[pos_label] to specify a single positive class.
  warnings.warn(

2026-08-24 13:15:45,753:WARNING:/opt/anaconda3/envs/my_pycaret/lib/python3.10/site-packages/sklearn/metrics/_classification.py:1561: UserWarning: Note that pos_label (set to 'Yes') is ignored when average != 'binary' (got 'weighted'). You may use labels=[pos_label] to specify a single positive class.
  warnings.warn(

2026-08-24 13:15:45,765:WARNING:/opt/anaconda3/envs/my_pycaret/lib/python3.10/site-packages/sklearn/metrics/_classification.py:1561: UserWarning: Note that pos_label (set to 'Yes') is ignored when average != 'binary' (got 'weighted'). You may use labels=[pos_label] to specify a single positive class.
  warnings.warn(

2026-08-24 13:15:45,766:WARNING:/opt/anaconda3/envs/my_pycaret/lib/python3.10/site-packages/sklearn/metrics/_classification.py:1561: UserWarning: Note that pos_label (set to 'Yes') is ignored when average != 'binary' (got 'weighted'). You may use labels=[pos_label] to specify a single positive class.
  warnings.warn(

2026-08-24 13:15:45,766:WARNING:/opt/anaconda3/envs/my_pycaret/lib/python3.10/site-packages/sklearn/metrics/_classification.py:1561: UserWarning: Note that pos_label (set to 'Yes') is ignored when average != 'binary' (got 'weighted'). You may use labels=[pos_label] to specify a single positive class.
  warnings.warn(

2026-08-24 13:15:45,770:INFO:Calculating mean and std
2026-08-24 13:15:45,770:INFO:Creating metrics dataframe
2026-08-24 13:15:45,771:INFO:Uploading results into container
2026-08-24 13:15:45,771:INFO:Uploading model into container now
2026-08-24 13:15:45,771:INFO:_master_model_container: 10
2026-08-24 13:15:45,771:INFO:_display_container: 2
2026-08-24 13:15:45,772:INFO:GradientBoostingClassifier(ccp_alpha=0.0, criterion='friedman_mse', init=None,
                           learning_rate=0.1, loss='log_loss', max_depth=3,
                           max_features=None, max_leaf_nodes=None,
                           min_impurity_decrease=0.0, min_samples_leaf=1,
                           min_samples_split=2, min_weight_fraction_leaf=0.0,
                           n_estimators=100, n_iter_no_change=None,
                           random_state=123, subsample=1.0, tol=0.0001,
                           validation_fraction=0.1, verbose=0,
                           warm_start=False)
2026-08-24 13:15:45,772:INFO:create_model() successfully completed......................................
2026-08-24 13:15:45,824:INFO:SubProcess create_model() end ==================================
2026-08-24 13:15:45,824:INFO:Creating metrics dataframe
2026-08-24 13:15:45,828:INFO:Initializing Linear Discriminant Analysis
2026-08-24 13:15:45,828:INFO:Total runtime is 0.10602128108342489 minutes
2026-08-24 13:15:45,829:INFO:SubProcess create_model() called ==================================
2026-08-24 13:15:45,829:INFO:Initializing create_model()
2026-08-24 13:15:45,830:INFO:create_model(self=<pycaret.classification.oop.ClassificationExperiment object at 0x15e8629e0>, estimator=lda, fold=StratifiedKFold(n_splits=10, random_state=None, shuffle=False), round=4, cross_validation=True, predict=True, fit_kwargs={}, groups=None, refit=False, probability_threshold=None, experiment_custom_tags=None, verbose=False, system=False, add_to_model_list=True, metrics=None, display=<pycaret.internal.display.display.CommonDisplay object at 0x15e862a10>, model_only=True, return_train_score=False, error_score=0.0, kwargs={})
2026-08-24 13:15:45,830:INFO:Checking exceptions
2026-08-24 13:15:45,830:INFO:Importing libraries
2026-08-24 13:15:45,830:INFO:Copying training dataset
2026-08-24 13:15:45,832:INFO:Defining folds
2026-08-24 13:15:45,832:INFO:Declaring metric variables
2026-08-24 13:15:45,833:INFO:Importing untrained model
2026-08-24 13:15:45,834:INFO:Linear Discriminant Analysis Imported successfully
2026-08-24 13:15:45,836:INFO:Starting cross validation
2026-08-24 13:15:45,837:INFO:Cross validating with StratifiedKFold(n_splits=10, random_state=None, shuffle=False), n_jobs=-1
2026-08-24 13:15:45,915:WARNING:/opt/anaconda3/envs/my_pycaret/lib/python3.10/site-packages/sklearn/metrics/_classification.py:1561: UserWarning: Note that pos_label (set to 'Yes') is ignored when average != 'binary' (got 'weighted'). You may use labels=[pos_label] to specify a single positive class.
  warnings.warn(

2026-08-24 13:15:45,916:WARNING:/opt/anaconda3/envs/my_pycaret/lib/python3.10/site-packages/sklearn/metrics/_classification.py:1561: UserWarning: Note that pos_label (set to 'Yes') is ignored when average != 'binary' (got 'weighted'). You may use labels=[pos_label] to specify a single positive class.
  warnings.warn(

2026-08-24 13:15:45,917:WARNING:/opt/anaconda3/envs/my_pycaret/lib/python3.10/site-packages/sklearn/metrics/_classification.py:1561: UserWarning: Note that pos_label (set to 'Yes') is ignored when average != 'binary' (got 'weighted'). You may use labels=[pos_label] to specify a single positive class.
  warnings.warn(

2026-08-24 13:15:45,918:WARNING:/opt/anaconda3/envs/my_pycaret/lib/python3.10/site-packages/sklearn/metrics/_classification.py:1561: UserWarning: Note that pos_label (set to 'Yes') is ignored when average != 'binary' (got 'weighted'). You may use labels=[pos_label] to specify a single positive class.
  warnings.warn(

2026-08-24 13:15:45,919:WARNING:/opt/anaconda3/envs/my_pycaret/lib/python3.10/site-packages/sklearn/metrics/_classification.py:1561: UserWarning: Note that pos_label (set to 'Yes') is ignored when average != 'binary' (got 'weighted'). You may use labels=[pos_label] to specify a single positive class.
  warnings.warn(

2026-08-24 13:15:45,920:WARNING:/opt/anaconda3/envs/my_pycaret/lib/python3.10/site-packages/sklearn/metrics/_classification.py:1561: UserWarning: Note that pos_label (set to 'Yes') is ignored when average != 'binary' (got 'weighted'). You may use labels=[pos_label] to specify a single positive class.
  warnings.warn(

2026-08-24 13:15:45,924:WARNING:/opt/anaconda3/envs/my_pycaret/lib/python3.10/site-packages/sklearn/metrics/_classification.py:1561: UserWarning: Note that pos_label (set to 'Yes') is ignored when average != 'binary' (got 'weighted'). You may use labels=[pos_label] to specify a single positive class.
  warnings.warn(

2026-08-24 13:15:45,925:WARNING:/opt/anaconda3/envs/my_pycaret/lib/python3.10/site-packages/sklearn/metrics/_classification.py:1561: UserWarning: Note that pos_label (set to 'Yes') is ignored when average != 'binary' (got 'weighted'). You may use labels=[pos_label] to specify a single positive class.
  warnings.warn(

2026-08-24 13:15:45,927:WARNING:/opt/anaconda3/envs/my_pycaret/lib/python3.10/site-packages/sklearn/metrics/_classification.py:1561: UserWarning: Note that pos_label (set to 'Yes') is ignored when average != 'binary' (got 'weighted'). You may use labels=[pos_label] to specify a single positive class.
  warnings.warn(

2026-08-24 13:15:45,944:WARNING:/opt/anaconda3/envs/my_pycaret/lib/python3.10/site-packages/sklearn/metrics/_classification.py:1561: UserWarning: Note that pos_label (set to 'Yes') is ignored when average != 'binary' (got 'weighted'). You may use labels=[pos_label] to specify a single positive class.
  warnings.warn(

2026-08-24 13:15:45,945:WARNING:/opt/anaconda3/envs/my_pycaret/lib/python3.10/site-packages/sklearn/metrics/_classification.py:1561: UserWarning: Note that pos_label (set to 'Yes') is ignored when average != 'binary' (got 'weighted'). You may use labels=[pos_label] to specify a single positive class.
  warnings.warn(

2026-08-24 13:15:45,946:WARNING:/opt/anaconda3/envs/my_pycaret/lib/python3.10/site-packages/sklearn/metrics/_classification.py:1561: UserWarning: Note that pos_label (set to 'Yes') is ignored when average != 'binary' (got 'weighted'). You may use labels=[pos_label] to specify a single positive class.
  warnings.warn(

2026-08-24 13:15:45,946:WARNING:/opt/anaconda3/envs/my_pycaret/lib/python3.10/site-packages/sklearn/metrics/_classification.py:1561: UserWarning: Note that pos_label (set to 'Yes') is ignored when average != 'binary' (got 'weighted'). You may use labels=[pos_label] to specify a single positive class.
  warnings.warn(

2026-08-24 13:15:45,947:WARNING:/opt/anaconda3/envs/my_pycaret/lib/python3.10/site-packages/sklearn/metrics/_classification.py:1561: UserWarning: Note that pos_label (set to 'Yes') is ignored when average != 'binary' (got 'weighted'). You may use labels=[pos_label] to specify a single positive class.
  warnings.warn(

2026-08-24 13:15:45,948:WARNING:/opt/anaconda3/envs/my_pycaret/lib/python3.10/site-packages/sklearn/metrics/_classification.py:1561: UserWarning: Note that pos_label (set to 'Yes') is ignored when average != 'binary' (got 'weighted'). You may use labels=[pos_label] to specify a single positive class.
  warnings.warn(

2026-08-24 13:15:45,950:WARNING:/opt/anaconda3/envs/my_pycaret/lib/python3.10/site-packages/sklearn/metrics/_classification.py:1561: UserWarning: Note that pos_label (set to 'Yes') is ignored when average != 'binary' (got 'weighted'). You may use labels=[pos_label] to specify a single positive class.
  warnings.warn(

2026-08-24 13:15:45,951:WARNING:/opt/anaconda3/envs/my_pycaret/lib/python3.10/site-packages/sklearn/metrics/_classification.py:1561: UserWarning: Note that pos_label (set to 'Yes') is ignored when average != 'binary' (got 'weighted'). You may use labels=[pos_label] to specify a single positive class.
  warnings.warn(

2026-08-24 13:15:45,951:WARNING:/opt/anaconda3/envs/my_pycaret/lib/python3.10/site-packages/sklearn/metrics/_classification.py:1561: UserWarning: Note that pos_label (set to 'Yes') is ignored when average != 'binary' (got 'weighted'). You may use labels=[pos_label] to specify a single positive class.
  warnings.warn(

2026-08-24 13:15:45,952:WARNING:/opt/anaconda3/envs/my_pycaret/lib/python3.10/site-packages/sklearn/metrics/_classification.py:1561: UserWarning: Note that pos_label (set to 'Yes') is ignored when average != 'binary' (got 'weighted'). You may use labels=[pos_label] to specify a single positive class.
  warnings.warn(

2026-08-24 13:15:45,953:WARNING:/opt/anaconda3/envs/my_pycaret/lib/python3.10/site-packages/sklearn/metrics/_classification.py:1561: UserWarning: Note that pos_label (set to 'Yes') is ignored when average != 'binary' (got 'weighted'). You may use labels=[pos_label] to specify a single positive class.
  warnings.warn(

2026-08-24 13:15:45,954:WARNING:/opt/anaconda3/envs/my_pycaret/lib/python3.10/site-packages/sklearn/metrics/_classification.py:1561: UserWarning: Note that pos_label (set to 'Yes') is ignored when average != 'binary' (got 'weighted'). You may use labels=[pos_label] to specify a single positive class.
  warnings.warn(

2026-08-24 13:15:45,965:WARNING:/opt/anaconda3/envs/my_pycaret/lib/python3.10/site-packages/sklearn/metrics/_classification.py:1561: UserWarning: Note that pos_label (set to 'Yes') is ignored when average != 'binary' (got 'weighted'). You may use labels=[pos_label] to specify a single positive class.
  warnings.warn(

2026-08-24 13:15:45,966:WARNING:/opt/anaconda3/envs/my_pycaret/lib/python3.10/site-packages/sklearn/metrics/_classification.py:1561: UserWarning: Note that pos_label (set to 'Yes') is ignored when average != 'binary' (got 'weighted'). You may use labels=[pos_label] to specify a single positive class.
  warnings.warn(

2026-08-24 13:15:45,967:WARNING:/opt/anaconda3/envs/my_pycaret/lib/python3.10/site-packages/sklearn/metrics/_classification.py:1561: UserWarning: Note that pos_label (set to 'Yes') is ignored when average != 'binary' (got 'weighted'). You may use labels=[pos_label] to specify a single positive class.
  warnings.warn(

2026-08-24 13:15:45,980:WARNING:/opt/anaconda3/envs/my_pycaret/lib/python3.10/site-packages/sklearn/metrics/_classification.py:1561: UserWarning: Note that pos_label (set to 'Yes') is ignored when average != 'binary' (got 'weighted'). You may use labels=[pos_label] to specify a single positive class.
  warnings.warn(

2026-08-24 13:15:45,981:WARNING:/opt/anaconda3/envs/my_pycaret/lib/python3.10/site-packages/sklearn/metrics/_classification.py:1561: UserWarning: Note that pos_label (set to 'Yes') is ignored when average != 'binary' (got 'weighted'). You may use labels=[pos_label] to specify a single positive class.
  warnings.warn(

2026-08-24 13:15:45,982:WARNING:/opt/anaconda3/envs/my_pycaret/lib/python3.10/site-packages/sklearn/metrics/_classification.py:1561: UserWarning: Note that pos_label (set to 'Yes') is ignored when average != 'binary' (got 'weighted'). You may use labels=[pos_label] to specify a single positive class.
  warnings.warn(

2026-08-24 13:15:45,983:WARNING:/opt/anaconda3/envs/my_pycaret/lib/python3.10/site-packages/sklearn/metrics/_classification.py:1561: UserWarning: Note that pos_label (set to 'Yes') is ignored when average != 'binary' (got 'weighted'). You may use labels=[pos_label] to specify a single positive class.
  warnings.warn(

2026-08-24 13:15:45,984:WARNING:/opt/anaconda3/envs/my_pycaret/lib/python3.10/site-packages/sklearn/metrics/_classification.py:1561: UserWarning: Note that pos_label (set to 'Yes') is ignored when average != 'binary' (got 'weighted'). You may use labels=[pos_label] to specify a single positive class.
  warnings.warn(

2026-08-24 13:15:45,985:WARNING:/opt/anaconda3/envs/my_pycaret/lib/python3.10/site-packages/sklearn/metrics/_classification.py:1561: UserWarning: Note that pos_label (set to 'Yes') is ignored when average != 'binary' (got 'weighted'). You may use labels=[pos_label] to specify a single positive class.
  warnings.warn(

2026-08-24 13:15:45,990:INFO:Calculating mean and std
2026-08-24 13:15:45,991:INFO:Creating metrics dataframe
2026-08-24 13:15:45,992:INFO:Uploading results into container
2026-08-24 13:15:45,992:INFO:Uploading model into container now
2026-08-24 13:15:45,992:INFO:_master_model_container: 11
2026-08-24 13:15:45,992:INFO:_display_container: 2
2026-08-24 13:15:45,992:INFO:LinearDiscriminantAnalysis(covariance_estimator=None, n_components=None,
                           priors=None, shrinkage=None, solver='svd',
                           store_covariance=False, tol=0.0001)
2026-08-24 13:15:45,992:INFO:create_model() successfully completed......................................
2026-08-24 13:15:46,048:INFO:SubProcess create_model() end ==================================
2026-08-24 13:15:46,049:INFO:Creating metrics dataframe
2026-08-24 13:15:46,052:INFO:Initializing Extra Trees Classifier
2026-08-24 13:15:46,052:INFO:Total runtime is 0.10976021687189738 minutes
2026-08-24 13:15:46,054:INFO:SubProcess create_model() called ==================================
2026-08-24 13:15:46,054:INFO:Initializing create_model()
2026-08-24 13:15:46,054:INFO:create_model(self=<pycaret.classification.oop.ClassificationExperiment object at 0x15e8629e0>, estimator=et, fold=StratifiedKFold(n_splits=10, random_state=None, shuffle=False), round=4, cross_validation=True, predict=True, fit_kwargs={}, groups=None, refit=False, probability_threshold=None, experiment_custom_tags=None, verbose=False, system=False, add_to_model_list=True, metrics=None, display=<pycaret.internal.display.display.CommonDisplay object at 0x15e862a10>, model_only=True, return_train_score=False, error_score=0.0, kwargs={})
2026-08-24 13:15:46,054:INFO:Checking exceptions
2026-08-24 13:15:46,054:INFO:Importing libraries
2026-08-24 13:15:46,054:INFO:Copying training dataset
2026-08-24 13:15:46,056:INFO:Defining folds
2026-08-24 13:15:46,056:INFO:Declaring metric variables
2026-08-24 13:15:46,057:INFO:Importing untrained model
2026-08-24 13:15:46,058:INFO:Extra Trees Classifier Imported successfully
2026-08-24 13:15:46,061:INFO:Starting cross validation
2026-08-24 13:15:46,063:INFO:Cross validating with StratifiedKFold(n_splits=10, random_state=None, shuffle=False), n_jobs=-1
2026-08-24 13:15:46,286:WARNING:/opt/anaconda3/envs/my_pycaret/lib/python3.10/site-packages/sklearn/metrics/_classification.py:1561: UserWarning: Note that pos_label (set to 'Yes') is ignored when average != 'binary' (got 'weighted'). You may use labels=[pos_label] to specify a single positive class.
  warnings.warn(

2026-08-24 13:15:46,289:WARNING:/opt/anaconda3/envs/my_pycaret/lib/python3.10/site-packages/sklearn/metrics/_classification.py:1561: UserWarning: Note that pos_label (set to 'Yes') is ignored when average != 'binary' (got 'weighted'). You may use labels=[pos_label] to specify a single positive class.
  warnings.warn(

2026-08-24 13:15:46,290:WARNING:/opt/anaconda3/envs/my_pycaret/lib/python3.10/site-packages/sklearn/metrics/_classification.py:1561: UserWarning: Note that pos_label (set to 'Yes') is ignored when average != 'binary' (got 'weighted'). You may use labels=[pos_label] to specify a single positive class.
  warnings.warn(

2026-08-24 13:15:46,297:WARNING:/opt/anaconda3/envs/my_pycaret/lib/python3.10/site-packages/sklearn/metrics/_classification.py:1561: UserWarning: Note that pos_label (set to 'Yes') is ignored when average != 'binary' (got 'weighted'). You may use labels=[pos_label] to specify a single positive class.
  warnings.warn(

2026-08-24 13:15:46,299:WARNING:/opt/anaconda3/envs/my_pycaret/lib/python3.10/site-packages/sklearn/metrics/_classification.py:1561: UserWarning: Note that pos_label (set to 'Yes') is ignored when average != 'binary' (got 'weighted'). You may use labels=[pos_label] to specify a single positive class.
  warnings.warn(

2026-08-24 13:15:46,300:WARNING:/opt/anaconda3/envs/my_pycaret/lib/python3.10/site-packages/sklearn/metrics/_classification.py:1561: UserWarning: Note that pos_label (set to 'Yes') is ignored when average != 'binary' (got 'weighted'). You may use labels=[pos_label] to specify a single positive class.
  warnings.warn(

2026-08-24 13:15:46,307:WARNING:/opt/anaconda3/envs/my_pycaret/lib/python3.10/site-packages/sklearn/metrics/_classification.py:1561: UserWarning: Note that pos_label (set to 'Yes') is ignored when average != 'binary' (got 'weighted'). You may use labels=[pos_label] to specify a single positive class.
  warnings.warn(

2026-08-24 13:15:46,307:WARNING:/opt/anaconda3/envs/my_pycaret/lib/python3.10/site-packages/sklearn/metrics/_classification.py:1561: UserWarning: Note that pos_label (set to 'Yes') is ignored when average != 'binary' (got 'weighted'). You may use labels=[pos_label] to specify a single positive class.
  warnings.warn(

2026-08-24 13:15:46,308:WARNING:/opt/anaconda3/envs/my_pycaret/lib/python3.10/site-packages/sklearn/metrics/_classification.py:1561: UserWarning: Note that pos_label (set to 'Yes') is ignored when average != 'binary' (got 'weighted'). You may use labels=[pos_label] to specify a single positive class.
  warnings.warn(

2026-08-24 13:15:46,308:WARNING:/opt/anaconda3/envs/my_pycaret/lib/python3.10/site-packages/sklearn/metrics/_classification.py:1561: UserWarning: Note that pos_label (set to 'Yes') is ignored when average != 'binary' (got 'weighted'). You may use labels=[pos_label] to specify a single positive class.
  warnings.warn(

2026-08-24 13:15:46,309:WARNING:/opt/anaconda3/envs/my_pycaret/lib/python3.10/site-packages/sklearn/metrics/_classification.py:1561: UserWarning: Note that pos_label (set to 'Yes') is ignored when average != 'binary' (got 'weighted'). You may use labels=[pos_label] to specify a single positive class.
  warnings.warn(

2026-08-24 13:15:46,311:WARNING:/opt/anaconda3/envs/my_pycaret/lib/python3.10/site-packages/sklearn/metrics/_classification.py:1561: UserWarning: Note that pos_label (set to 'Yes') is ignored when average != 'binary' (got 'weighted'). You may use labels=[pos_label] to specify a single positive class.
  warnings.warn(

2026-08-24 13:15:46,311:WARNING:/opt/anaconda3/envs/my_pycaret/lib/python3.10/site-packages/sklearn/metrics/_classification.py:1561: UserWarning: Note that pos_label (set to 'Yes') is ignored when average != 'binary' (got 'weighted'). You may use labels=[pos_label] to specify a single positive class.
  warnings.warn(

2026-08-24 13:15:46,311:WARNING:/opt/anaconda3/envs/my_pycaret/lib/python3.10/site-packages/sklearn/metrics/_classification.py:1561: UserWarning: Note that pos_label (set to 'Yes') is ignored when average != 'binary' (got 'weighted'). You may use labels=[pos_label] to specify a single positive class.
  warnings.warn(

2026-08-24 13:15:46,312:WARNING:/opt/anaconda3/envs/my_pycaret/lib/python3.10/site-packages/sklearn/metrics/_classification.py:1561: UserWarning: Note that pos_label (set to 'Yes') is ignored when average != 'binary' (got 'weighted'). You may use labels=[pos_label] to specify a single positive class.
  warnings.warn(

2026-08-24 13:15:46,314:WARNING:/opt/anaconda3/envs/my_pycaret/lib/python3.10/site-packages/sklearn/metrics/_classification.py:1561: UserWarning: Note that pos_label (set to 'Yes') is ignored when average != 'binary' (got 'weighted'). You may use labels=[pos_label] to specify a single positive class.
  warnings.warn(

2026-08-24 13:15:46,316:WARNING:/opt/anaconda3/envs/my_pycaret/lib/python3.10/site-packages/sklearn/metrics/_classification.py:1561: UserWarning: Note that pos_label (set to 'Yes') is ignored when average != 'binary' (got 'weighted'). You may use labels=[pos_label] to specify a single positive class.
  warnings.warn(

2026-08-24 13:15:46,317:WARNING:/opt/anaconda3/envs/my_pycaret/lib/python3.10/site-packages/sklearn/metrics/_classification.py:1561: UserWarning: Note that pos_label (set to 'Yes') is ignored when average != 'binary' (got 'weighted'). You may use labels=[pos_label] to specify a single positive class.
  warnings.warn(

2026-08-24 13:15:46,317:WARNING:/opt/anaconda3/envs/my_pycaret/lib/python3.10/site-packages/sklearn/metrics/_classification.py:1561: UserWarning: Note that pos_label (set to 'Yes') is ignored when average != 'binary' (got 'weighted'). You may use labels=[pos_label] to specify a single positive class.
  warnings.warn(

2026-08-24 13:15:46,319:WARNING:/opt/anaconda3/envs/my_pycaret/lib/python3.10/site-packages/sklearn/metrics/_classification.py:1561: UserWarning: Note that pos_label (set to 'Yes') is ignored when average != 'binary' (got 'weighted'). You may use labels=[pos_label] to specify a single positive class.
  warnings.warn(

2026-08-24 13:15:46,320:WARNING:/opt/anaconda3/envs/my_pycaret/lib/python3.10/site-packages/sklearn/metrics/_classification.py:1561: UserWarning: Note that pos_label (set to 'Yes') is ignored when average != 'binary' (got 'weighted'). You may use labels=[pos_label] to specify a single positive class.
  warnings.warn(

2026-08-24 13:15:46,358:WARNING:/opt/anaconda3/envs/my_pycaret/lib/python3.10/site-packages/sklearn/metrics/_classification.py:1561: UserWarning: Note that pos_label (set to 'Yes') is ignored when average != 'binary' (got 'weighted'). You may use labels=[pos_label] to specify a single positive class.
  warnings.warn(

2026-08-24 13:15:46,361:WARNING:/opt/anaconda3/envs/my_pycaret/lib/python3.10/site-packages/sklearn/metrics/_classification.py:1561: UserWarning: Note that pos_label (set to 'Yes') is ignored when average != 'binary' (got 'weighted'). You may use labels=[pos_label] to specify a single positive class.
  warnings.warn(

2026-08-24 13:15:46,363:WARNING:/opt/anaconda3/envs/my_pycaret/lib/python3.10/site-packages/sklearn/metrics/_classification.py:1561: UserWarning: Note that pos_label (set to 'Yes') is ignored when average != 'binary' (got 'weighted'). You may use labels=[pos_label] to specify a single positive class.
  warnings.warn(

2026-08-24 13:15:46,432:WARNING:/opt/anaconda3/envs/my_pycaret/lib/python3.10/site-packages/sklearn/metrics/_classification.py:1561: UserWarning: Note that pos_label (set to 'Yes') is ignored when average != 'binary' (got 'weighted'). You may use labels=[pos_label] to specify a single positive class.
  warnings.warn(

2026-08-24 13:15:46,433:WARNING:/opt/anaconda3/envs/my_pycaret/lib/python3.10/site-packages/sklearn/metrics/_classification.py:1561: UserWarning: Note that pos_label (set to 'Yes') is ignored when average != 'binary' (got 'weighted'). You may use labels=[pos_label] to specify a single positive class.
  warnings.warn(

2026-08-24 13:15:46,434:WARNING:/opt/anaconda3/envs/my_pycaret/lib/python3.10/site-packages/sklearn/metrics/_classification.py:1561: UserWarning: Note that pos_label (set to 'Yes') is ignored when average != 'binary' (got 'weighted'). You may use labels=[pos_label] to specify a single positive class.
  warnings.warn(

2026-08-24 13:15:46,445:WARNING:/opt/anaconda3/envs/my_pycaret/lib/python3.10/site-packages/sklearn/metrics/_classification.py:1561: UserWarning: Note that pos_label (set to 'Yes') is ignored when average != 'binary' (got 'weighted'). You may use labels=[pos_label] to specify a single positive class.
  warnings.warn(

2026-08-24 13:15:46,446:WARNING:/opt/anaconda3/envs/my_pycaret/lib/python3.10/site-packages/sklearn/metrics/_classification.py:1561: UserWarning: Note that pos_label (set to 'Yes') is ignored when average != 'binary' (got 'weighted'). You may use labels=[pos_label] to specify a single positive class.
  warnings.warn(

2026-08-24 13:15:46,447:WARNING:/opt/anaconda3/envs/my_pycaret/lib/python3.10/site-packages/sklearn/metrics/_classification.py:1561: UserWarning: Note that pos_label (set to 'Yes') is ignored when average != 'binary' (got 'weighted'). You may use labels=[pos_label] to specify a single positive class.
  warnings.warn(

2026-08-24 13:15:46,455:INFO:Calculating mean and std
2026-08-24 13:15:46,455:INFO:Creating metrics dataframe
2026-08-24 13:15:46,456:INFO:Uploading results into container
2026-08-24 13:15:46,456:INFO:Uploading model into container now
2026-08-24 13:15:46,457:INFO:_master_model_container: 12
2026-08-24 13:15:46,457:INFO:_display_container: 2
2026-08-24 13:15:46,457:INFO:ExtraTreesClassifier(bootstrap=False, ccp_alpha=0.0, class_weight=None,
                     criterion='gini', max_depth=None, max_features='sqrt',
                     max_leaf_nodes=None, max_samples=None,
                     min_impurity_decrease=0.0, min_samples_leaf=1,
                     min_samples_split=2, min_weight_fraction_leaf=0.0,
                     monotonic_cst=None, n_estimators=100, n_jobs=-1,
                     oob_score=False, random_state=123, verbose=0,
                     warm_start=False)
2026-08-24 13:15:46,457:INFO:create_model() successfully completed......................................
2026-08-24 13:15:46,509:INFO:SubProcess create_model() end ==================================
2026-08-24 13:15:46,509:INFO:Creating metrics dataframe
2026-08-24 13:15:46,513:INFO:Initializing Light Gradient Boosting Machine
2026-08-24 13:15:46,513:INFO:Total runtime is 0.11744251648585002 minutes
2026-08-24 13:15:46,515:INFO:SubProcess create_model() called ==================================
2026-08-24 13:15:46,515:INFO:Initializing create_model()
2026-08-24 13:15:46,515:INFO:create_model(self=<pycaret.classification.oop.ClassificationExperiment object at 0x15e8629e0>, estimator=lightgbm, fold=StratifiedKFold(n_splits=10, random_state=None, shuffle=False), round=4, cross_validation=True, predict=True, fit_kwargs={}, groups=None, refit=False, probability_threshold=None, experiment_custom_tags=None, verbose=False, system=False, add_to_model_list=True, metrics=None, display=<pycaret.internal.display.display.CommonDisplay object at 0x15e862a10>, model_only=True, return_train_score=False, error_score=0.0, kwargs={})
2026-08-24 13:15:46,515:INFO:Checking exceptions
2026-08-24 13:15:46,515:INFO:Importing libraries
2026-08-24 13:15:46,515:INFO:Copying training dataset
2026-08-24 13:15:46,517:INFO:Defining folds
2026-08-24 13:15:46,517:INFO:Declaring metric variables
2026-08-24 13:15:46,518:INFO:Importing untrained model
2026-08-24 13:15:46,520:INFO:Light Gradient Boosting Machine Imported successfully
2026-08-24 13:15:46,522:INFO:Starting cross validation
2026-08-24 13:15:46,523:INFO:Cross validating with StratifiedKFold(n_splits=10, random_state=None, shuffle=False), n_jobs=-1
2026-08-24 13:15:48,039:WARNING:/opt/anaconda3/envs/my_pycaret/lib/python3.10/site-packages/sklearn/metrics/_classification.py:1561: UserWarning: Note that pos_label (set to 'Yes') is ignored when average != 'binary' (got 'weighted'). You may use labels=[pos_label] to specify a single positive class.
  warnings.warn(

2026-08-24 13:15:48,041:WARNING:/opt/anaconda3/envs/my_pycaret/lib/python3.10/site-packages/sklearn/metrics/_classification.py:1561: UserWarning: Note that pos_label (set to 'Yes') is ignored when average != 'binary' (got 'weighted'). You may use labels=[pos_label] to specify a single positive class.
  warnings.warn(

2026-08-24 13:15:48,041:WARNING:/opt/anaconda3/envs/my_pycaret/lib/python3.10/site-packages/sklearn/metrics/_classification.py:1561: UserWarning: Note that pos_label (set to 'Yes') is ignored when average != 'binary' (got 'weighted'). You may use labels=[pos_label] to specify a single positive class.
  warnings.warn(

2026-08-24 13:15:48,173:WARNING:/opt/anaconda3/envs/my_pycaret/lib/python3.10/site-packages/sklearn/metrics/_classification.py:1561: UserWarning: Note that pos_label (set to 'Yes') is ignored when average != 'binary' (got 'weighted'). You may use labels=[pos_label] to specify a single positive class.
  warnings.warn(

2026-08-24 13:15:48,177:WARNING:/opt/anaconda3/envs/my_pycaret/lib/python3.10/site-packages/sklearn/metrics/_classification.py:1561: UserWarning: Note that pos_label (set to 'Yes') is ignored when average != 'binary' (got 'weighted'). You may use labels=[pos_label] to specify a single positive class.
  warnings.warn(

2026-08-24 13:15:48,178:WARNING:/opt/anaconda3/envs/my_pycaret/lib/python3.10/site-packages/sklearn/metrics/_classification.py:1561: UserWarning: Note that pos_label (set to 'Yes') is ignored when average != 'binary' (got 'weighted'). You may use labels=[pos_label] to specify a single positive class.
  warnings.warn(

2026-08-24 13:15:48,179:WARNING:/opt/anaconda3/envs/my_pycaret/lib/python3.10/site-packages/sklearn/metrics/_classification.py:1561: UserWarning: Note that pos_label (set to 'Yes') is ignored when average != 'binary' (got 'weighted'). You may use labels=[pos_label] to specify a single positive class.
  warnings.warn(

2026-08-24 13:15:48,180:WARNING:/opt/anaconda3/envs/my_pycaret/lib/python3.10/site-packages/sklearn/metrics/_classification.py:1561: UserWarning: Note that pos_label (set to 'Yes') is ignored when average != 'binary' (got 'weighted'). You may use labels=[pos_label] to specify a single positive class.
  warnings.warn(

2026-08-24 13:15:48,181:WARNING:/opt/anaconda3/envs/my_pycaret/lib/python3.10/site-packages/sklearn/metrics/_classification.py:1561: UserWarning: Note that pos_label (set to 'Yes') is ignored when average != 'binary' (got 'weighted'). You may use labels=[pos_label] to specify a single positive class.
  warnings.warn(

2026-08-24 13:15:48,188:WARNING:/opt/anaconda3/envs/my_pycaret/lib/python3.10/site-packages/sklearn/metrics/_classification.py:1561: UserWarning: Note that pos_label (set to 'Yes') is ignored when average != 'binary' (got 'weighted'). You may use labels=[pos_label] to specify a single positive class.
  warnings.warn(

2026-08-24 13:15:48,190:WARNING:/opt/anaconda3/envs/my_pycaret/lib/python3.10/site-packages/sklearn/metrics/_classification.py:1561: UserWarning: Note that pos_label (set to 'Yes') is ignored when average != 'binary' (got 'weighted'). You may use labels=[pos_label] to specify a single positive class.
  warnings.warn(

2026-08-24 13:15:48,192:WARNING:/opt/anaconda3/envs/my_pycaret/lib/python3.10/site-packages/sklearn/metrics/_classification.py:1561: UserWarning: Note that pos_label (set to 'Yes') is ignored when average != 'binary' (got 'weighted'). You may use labels=[pos_label] to specify a single positive class.
  warnings.warn(

2026-08-24 13:15:48,192:WARNING:/opt/anaconda3/envs/my_pycaret/lib/python3.10/site-packages/sklearn/metrics/_classification.py:1561: UserWarning: Note that pos_label (set to 'Yes') is ignored when average != 'binary' (got 'weighted'). You may use labels=[pos_label] to specify a single positive class.
  warnings.warn(

2026-08-24 13:15:48,195:WARNING:/opt/anaconda3/envs/my_pycaret/lib/python3.10/site-packages/sklearn/metrics/_classification.py:1561: UserWarning: Note that pos_label (set to 'Yes') is ignored when average != 'binary' (got 'weighted'). You may use labels=[pos_label] to specify a single positive class.
  warnings.warn(

2026-08-24 13:15:48,197:WARNING:/opt/anaconda3/envs/my_pycaret/lib/python3.10/site-packages/sklearn/metrics/_classification.py:1561: UserWarning: Note that pos_label (set to 'Yes') is ignored when average != 'binary' (got 'weighted'). You may use labels=[pos_label] to specify a single positive class.
  warnings.warn(

2026-08-24 13:15:48,214:WARNING:/opt/anaconda3/envs/my_pycaret/lib/python3.10/site-packages/sklearn/metrics/_classification.py:1561: UserWarning: Note that pos_label (set to 'Yes') is ignored when average != 'binary' (got 'weighted'). You may use labels=[pos_label] to specify a single positive class.
  warnings.warn(

2026-08-24 13:15:48,216:WARNING:/opt/anaconda3/envs/my_pycaret/lib/python3.10/site-packages/sklearn/metrics/_classification.py:1561: UserWarning: Note that pos_label (set to 'Yes') is ignored when average != 'binary' (got 'weighted'). You may use labels=[pos_label] to specify a single positive class.
  warnings.warn(

2026-08-24 13:15:48,218:WARNING:/opt/anaconda3/envs/my_pycaret/lib/python3.10/site-packages/sklearn/metrics/_classification.py:1561: UserWarning: Note that pos_label (set to 'Yes') is ignored when average != 'binary' (got 'weighted'). You may use labels=[pos_label] to specify a single positive class.
  warnings.warn(

2026-08-24 13:15:48,249:WARNING:/opt/anaconda3/envs/my_pycaret/lib/python3.10/site-packages/sklearn/metrics/_classification.py:1561: UserWarning: Note that pos_label (set to 'Yes') is ignored when average != 'binary' (got 'weighted'). You may use labels=[pos_label] to specify a single positive class.
  warnings.warn(

2026-08-24 13:15:48,253:WARNING:/opt/anaconda3/envs/my_pycaret/lib/python3.10/site-packages/sklearn/metrics/_classification.py:1561: UserWarning: Note that pos_label (set to 'Yes') is ignored when average != 'binary' (got 'weighted'). You may use labels=[pos_label] to specify a single positive class.
  warnings.warn(

2026-08-24 13:15:48,255:WARNING:/opt/anaconda3/envs/my_pycaret/lib/python3.10/site-packages/sklearn/metrics/_classification.py:1561: UserWarning: Note that pos_label (set to 'Yes') is ignored when average != 'binary' (got 'weighted'). You may use labels=[pos_label] to specify a single positive class.
  warnings.warn(

2026-08-24 13:15:48,278:WARNING:/opt/anaconda3/envs/my_pycaret/lib/python3.10/site-packages/sklearn/metrics/_classification.py:1561: UserWarning: Note that pos_label (set to 'Yes') is ignored when average != 'binary' (got 'weighted'). You may use labels=[pos_label] to specify a single positive class.
  warnings.warn(

2026-08-24 13:15:48,280:WARNING:/opt/anaconda3/envs/my_pycaret/lib/python3.10/site-packages/sklearn/metrics/_classification.py:1561: UserWarning: Note that pos_label (set to 'Yes') is ignored when average != 'binary' (got 'weighted'). You may use labels=[pos_label] to specify a single positive class.
  warnings.warn(

2026-08-24 13:15:48,281:WARNING:/opt/anaconda3/envs/my_pycaret/lib/python3.10/site-packages/sklearn/metrics/_classification.py:1561: UserWarning: Note that pos_label (set to 'Yes') is ignored when average != 'binary' (got 'weighted'). You may use labels=[pos_label] to specify a single positive class.
  warnings.warn(

2026-08-24 13:15:48,649:WARNING:/opt/anaconda3/envs/my_pycaret/lib/python3.10/site-packages/sklearn/metrics/_classification.py:1561: UserWarning: Note that pos_label (set to 'Yes') is ignored when average != 'binary' (got 'weighted'). You may use labels=[pos_label] to specify a single positive class.
  warnings.warn(

2026-08-24 13:15:48,650:WARNING:/opt/anaconda3/envs/my_pycaret/lib/python3.10/site-packages/sklearn/metrics/_classification.py:1561: UserWarning: Note that pos_label (set to 'Yes') is ignored when average != 'binary' (got 'weighted'). You may use labels=[pos_label] to specify a single positive class.
  warnings.warn(

2026-08-24 13:15:48,651:WARNING:/opt/anaconda3/envs/my_pycaret/lib/python3.10/site-packages/sklearn/metrics/_classification.py:1561: UserWarning: Note that pos_label (set to 'Yes') is ignored when average != 'binary' (got 'weighted'). You may use labels=[pos_label] to specify a single positive class.
  warnings.warn(

2026-08-24 13:15:48,683:WARNING:/opt/anaconda3/envs/my_pycaret/lib/python3.10/site-packages/sklearn/metrics/_classification.py:1561: UserWarning: Note that pos_label (set to 'Yes') is ignored when average != 'binary' (got 'weighted'). You may use labels=[pos_label] to specify a single positive class.
  warnings.warn(

2026-08-24 13:15:48,684:WARNING:/opt/anaconda3/envs/my_pycaret/lib/python3.10/site-packages/sklearn/metrics/_classification.py:1561: UserWarning: Note that pos_label (set to 'Yes') is ignored when average != 'binary' (got 'weighted'). You may use labels=[pos_label] to specify a single positive class.
  warnings.warn(

2026-08-24 13:15:48,685:WARNING:/opt/anaconda3/envs/my_pycaret/lib/python3.10/site-packages/sklearn/metrics/_classification.py:1561: UserWarning: Note that pos_label (set to 'Yes') is ignored when average != 'binary' (got 'weighted'). You may use labels=[pos_label] to specify a single positive class.
  warnings.warn(

2026-08-24 13:15:48,699:INFO:Calculating mean and std
2026-08-24 13:15:48,699:INFO:Creating metrics dataframe
2026-08-24 13:15:48,700:INFO:Uploading results into container
2026-08-24 13:15:48,700:INFO:Uploading model into container now
2026-08-24 13:15:48,700:INFO:_master_model_container: 13
2026-08-24 13:15:48,700:INFO:_display_container: 2
2026-08-24 13:15:48,701:INFO:LGBMClassifier(boosting_type='gbdt', class_weight=None, colsample_bytree=1.0,
               importance_type='split', learning_rate=0.1, max_depth=-1,
               min_child_samples=20, min_child_weight=0.001, min_split_gain=0.0,
               n_estimators=100, n_jobs=-1, num_leaves=31, objective=None,
               random_state=123, reg_alpha=0.0, reg_lambda=0.0, subsample=1.0,
               subsample_for_bin=200000, subsample_freq=0)
2026-08-24 13:15:48,701:INFO:create_model() successfully completed......................................
2026-08-24 13:15:48,752:INFO:SubProcess create_model() end ==================================
2026-08-24 13:15:48,752:INFO:Creating metrics dataframe
2026-08-24 13:15:48,757:INFO:Initializing Dummy Classifier
2026-08-24 13:15:48,757:INFO:Total runtime is 0.1548321008682251 minutes
2026-08-24 13:15:48,758:INFO:SubProcess create_model() called ==================================
2026-08-24 13:15:48,758:INFO:Initializing create_model()
2026-08-24 13:15:48,758:INFO:create_model(self=<pycaret.classification.oop.ClassificationExperiment object at 0x15e8629e0>, estimator=dummy, fold=StratifiedKFold(n_splits=10, random_state=None, shuffle=False), round=4, cross_validation=True, predict=True, fit_kwargs={}, groups=None, refit=False, probability_threshold=None, experiment_custom_tags=None, verbose=False, system=False, add_to_model_list=True, metrics=None, display=<pycaret.internal.display.display.CommonDisplay object at 0x15e862a10>, model_only=True, return_train_score=False, error_score=0.0, kwargs={})
2026-08-24 13:15:48,759:INFO:Checking exceptions
2026-08-24 13:15:48,759:INFO:Importing libraries
2026-08-24 13:15:48,759:INFO:Copying training dataset
2026-08-24 13:15:48,761:INFO:Defining folds
2026-08-24 13:15:48,761:INFO:Declaring metric variables
2026-08-24 13:15:48,762:INFO:Importing untrained model
2026-08-24 13:15:48,763:INFO:Dummy Classifier Imported successfully
2026-08-24 13:15:48,765:INFO:Starting cross validation
2026-08-24 13:15:48,766:INFO:Cross validating with StratifiedKFold(n_splits=10, random_state=None, shuffle=False), n_jobs=-1
2026-08-24 13:15:48,866:WARNING:/opt/anaconda3/envs/my_pycaret/lib/python3.10/site-packages/sklearn/metrics/_classification.py:1561: UserWarning: Note that pos_label (set to 'Yes') is ignored when average != 'binary' (got 'weighted'). You may use labels=[pos_label] to specify a single positive class.
  warnings.warn(

2026-08-24 13:15:48,869:WARNING:/opt/anaconda3/envs/my_pycaret/lib/python3.10/site-packages/sklearn/metrics/_classification.py:1561: UserWarning: Note that pos_label (set to 'Yes') is ignored when average != 'binary' (got 'weighted'). You may use labels=[pos_label] to specify a single positive class.
  warnings.warn(

2026-08-24 13:15:48,870:WARNING:/opt/anaconda3/envs/my_pycaret/lib/python3.10/site-packages/sklearn/metrics/_classification.py:1509: UndefinedMetricWarning: Precision is ill-defined and being set to 0.0 in labels with no predicted samples. Use `zero_division` parameter to control this behavior.
  _warn_prf(average, modifier, f"{metric.capitalize()} is", len(result))

2026-08-24 13:15:48,871:WARNING:/opt/anaconda3/envs/my_pycaret/lib/python3.10/site-packages/sklearn/metrics/_classification.py:1561: UserWarning: Note that pos_label (set to 'Yes') is ignored when average != 'binary' (got 'weighted'). You may use labels=[pos_label] to specify a single positive class.
  warnings.warn(

2026-08-24 13:15:48,874:WARNING:/opt/anaconda3/envs/my_pycaret/lib/python3.10/site-packages/sklearn/metrics/_classification.py:1561: UserWarning: Note that pos_label (set to 'Yes') is ignored when average != 'binary' (got 'weighted'). You may use labels=[pos_label] to specify a single positive class.
  warnings.warn(

2026-08-24 13:15:48,875:WARNING:/opt/anaconda3/envs/my_pycaret/lib/python3.10/site-packages/sklearn/metrics/_classification.py:1561: UserWarning: Note that pos_label (set to 'Yes') is ignored when average != 'binary' (got 'weighted'). You may use labels=[pos_label] to specify a single positive class.
  warnings.warn(

2026-08-24 13:15:48,876:WARNING:/opt/anaconda3/envs/my_pycaret/lib/python3.10/site-packages/sklearn/metrics/_classification.py:1509: UndefinedMetricWarning: Precision is ill-defined and being set to 0.0 in labels with no predicted samples. Use `zero_division` parameter to control this behavior.
  _warn_prf(average, modifier, f"{metric.capitalize()} is", len(result))

2026-08-24 13:15:48,877:WARNING:/opt/anaconda3/envs/my_pycaret/lib/python3.10/site-packages/sklearn/metrics/_classification.py:1561: UserWarning: Note that pos_label (set to 'Yes') is ignored when average != 'binary' (got 'weighted'). You may use labels=[pos_label] to specify a single positive class.
  warnings.warn(

2026-08-24 13:15:48,880:WARNING:/opt/anaconda3/envs/my_pycaret/lib/python3.10/site-packages/sklearn/metrics/_classification.py:1561: UserWarning: Note that pos_label (set to 'Yes') is ignored when average != 'binary' (got 'weighted'). You may use labels=[pos_label] to specify a single positive class.
  warnings.warn(

2026-08-24 13:15:48,882:WARNING:/opt/anaconda3/envs/my_pycaret/lib/python3.10/site-packages/sklearn/metrics/_classification.py:1561: UserWarning: Note that pos_label (set to 'Yes') is ignored when average != 'binary' (got 'weighted'). You may use labels=[pos_label] to specify a single positive class.
  warnings.warn(

2026-08-24 13:15:48,883:WARNING:/opt/anaconda3/envs/my_pycaret/lib/python3.10/site-packages/sklearn/metrics/_classification.py:1509: UndefinedMetricWarning: Precision is ill-defined and being set to 0.0 in labels with no predicted samples. Use `zero_division` parameter to control this behavior.
  _warn_prf(average, modifier, f"{metric.capitalize()} is", len(result))

2026-08-24 13:15:48,884:WARNING:/opt/anaconda3/envs/my_pycaret/lib/python3.10/site-packages/sklearn/metrics/_classification.py:1561: UserWarning: Note that pos_label (set to 'Yes') is ignored when average != 'binary' (got 'weighted'). You may use labels=[pos_label] to specify a single positive class.
  warnings.warn(

2026-08-24 13:15:48,886:WARNING:/opt/anaconda3/envs/my_pycaret/lib/python3.10/site-packages/sklearn/metrics/_classification.py:1561: UserWarning: Note that pos_label (set to 'Yes') is ignored when average != 'binary' (got 'weighted'). You may use labels=[pos_label] to specify a single positive class.
  warnings.warn(

2026-08-24 13:15:48,887:WARNING:/opt/anaconda3/envs/my_pycaret/lib/python3.10/site-packages/sklearn/metrics/_classification.py:1561: UserWarning: Note that pos_label (set to 'Yes') is ignored when average != 'binary' (got 'weighted'). You may use labels=[pos_label] to specify a single positive class.
  warnings.warn(

2026-08-24 13:15:48,888:WARNING:/opt/anaconda3/envs/my_pycaret/lib/python3.10/site-packages/sklearn/metrics/_classification.py:1509: UndefinedMetricWarning: Precision is ill-defined and being set to 0.0 in labels with no predicted samples. Use `zero_division` parameter to control this behavior.
  _warn_prf(average, modifier, f"{metric.capitalize()} is", len(result))

2026-08-24 13:15:48,888:WARNING:/opt/anaconda3/envs/my_pycaret/lib/python3.10/site-packages/sklearn/metrics/_classification.py:1561: UserWarning: Note that pos_label (set to 'Yes') is ignored when average != 'binary' (got 'weighted'). You may use labels=[pos_label] to specify a single positive class.
  warnings.warn(

2026-08-24 13:15:48,895:WARNING:/opt/anaconda3/envs/my_pycaret/lib/python3.10/site-packages/sklearn/metrics/_classification.py:1561: UserWarning: Note that pos_label (set to 'Yes') is ignored when average != 'binary' (got 'weighted'). You may use labels=[pos_label] to specify a single positive class.
  warnings.warn(

2026-08-24 13:15:48,896:WARNING:/opt/anaconda3/envs/my_pycaret/lib/python3.10/site-packages/sklearn/metrics/_classification.py:1561: UserWarning: Note that pos_label (set to 'Yes') is ignored when average != 'binary' (got 'weighted'). You may use labels=[pos_label] to specify a single positive class.
  warnings.warn(

2026-08-24 13:15:48,897:WARNING:/opt/anaconda3/envs/my_pycaret/lib/python3.10/site-packages/sklearn/metrics/_classification.py:1509: UndefinedMetricWarning: Precision is ill-defined and being set to 0.0 in labels with no predicted samples. Use `zero_division` parameter to control this behavior.
  _warn_prf(average, modifier, f"{metric.capitalize()} is", len(result))

2026-08-24 13:15:48,898:WARNING:/opt/anaconda3/envs/my_pycaret/lib/python3.10/site-packages/sklearn/metrics/_classification.py:1561: UserWarning: Note that pos_label (set to 'Yes') is ignored when average != 'binary' (got 'weighted'). You may use labels=[pos_label] to specify a single positive class.
  warnings.warn(

2026-08-24 13:15:48,906:WARNING:/opt/anaconda3/envs/my_pycaret/lib/python3.10/site-packages/sklearn/metrics/_classification.py:1561: UserWarning: Note that pos_label (set to 'Yes') is ignored when average != 'binary' (got 'weighted'). You may use labels=[pos_label] to specify a single positive class.
  warnings.warn(

2026-08-24 13:15:48,910:WARNING:/opt/anaconda3/envs/my_pycaret/lib/python3.10/site-packages/sklearn/metrics/_classification.py:1561: UserWarning: Note that pos_label (set to 'Yes') is ignored when average != 'binary' (got 'weighted'). You may use labels=[pos_label] to specify a single positive class.
  warnings.warn(

2026-08-24 13:15:48,911:WARNING:/opt/anaconda3/envs/my_pycaret/lib/python3.10/site-packages/sklearn/metrics/_classification.py:1509: UndefinedMetricWarning: Precision is ill-defined and being set to 0.0 in labels with no predicted samples. Use `zero_division` parameter to control this behavior.
  _warn_prf(average, modifier, f"{metric.capitalize()} is", len(result))

2026-08-24 13:15:48,913:WARNING:/opt/anaconda3/envs/my_pycaret/lib/python3.10/site-packages/sklearn/metrics/_classification.py:1561: UserWarning: Note that pos_label (set to 'Yes') is ignored when average != 'binary' (got 'weighted'). You may use labels=[pos_label] to specify a single positive class.
  warnings.warn(

2026-08-24 13:15:48,920:WARNING:/opt/anaconda3/envs/my_pycaret/lib/python3.10/site-packages/sklearn/metrics/_classification.py:1561: UserWarning: Note that pos_label (set to 'Yes') is ignored when average != 'binary' (got 'weighted'). You may use labels=[pos_label] to specify a single positive class.
  warnings.warn(

2026-08-24 13:15:48,921:WARNING:/opt/anaconda3/envs/my_pycaret/lib/python3.10/site-packages/sklearn/metrics/_classification.py:1561: UserWarning: Note that pos_label (set to 'Yes') is ignored when average != 'binary' (got 'weighted'). You may use labels=[pos_label] to specify a single positive class.
  warnings.warn(

2026-08-24 13:15:48,921:WARNING:/opt/anaconda3/envs/my_pycaret/lib/python3.10/site-packages/sklearn/metrics/_classification.py:1509: UndefinedMetricWarning: Precision is ill-defined and being set to 0.0 in labels with no predicted samples. Use `zero_division` parameter to control this behavior.
  _warn_prf(average, modifier, f"{metric.capitalize()} is", len(result))

2026-08-24 13:15:48,922:WARNING:/opt/anaconda3/envs/my_pycaret/lib/python3.10/site-packages/sklearn/metrics/_classification.py:1561: UserWarning: Note that pos_label (set to 'Yes') is ignored when average != 'binary' (got 'weighted'). You may use labels=[pos_label] to specify a single positive class.
  warnings.warn(

2026-08-24 13:15:48,925:WARNING:/opt/anaconda3/envs/my_pycaret/lib/python3.10/site-packages/sklearn/metrics/_classification.py:1561: UserWarning: Note that pos_label (set to 'Yes') is ignored when average != 'binary' (got 'weighted'). You may use labels=[pos_label] to specify a single positive class.
  warnings.warn(

2026-08-24 13:15:48,927:WARNING:/opt/anaconda3/envs/my_pycaret/lib/python3.10/site-packages/sklearn/metrics/_classification.py:1561: UserWarning: Note that pos_label (set to 'Yes') is ignored when average != 'binary' (got 'weighted'). You may use labels=[pos_label] to specify a single positive class.
  warnings.warn(

2026-08-24 13:15:48,927:WARNING:/opt/anaconda3/envs/my_pycaret/lib/python3.10/site-packages/sklearn/metrics/_classification.py:1509: UndefinedMetricWarning: Precision is ill-defined and being set to 0.0 in labels with no predicted samples. Use `zero_division` parameter to control this behavior.
  _warn_prf(average, modifier, f"{metric.capitalize()} is", len(result))

2026-08-24 13:15:48,928:WARNING:/opt/anaconda3/envs/my_pycaret/lib/python3.10/site-packages/sklearn/metrics/_classification.py:1561: UserWarning: Note that pos_label (set to 'Yes') is ignored when average != 'binary' (got 'weighted'). You may use labels=[pos_label] to specify a single positive class.
  warnings.warn(

2026-08-24 13:15:48,934:WARNING:/opt/anaconda3/envs/my_pycaret/lib/python3.10/site-packages/sklearn/metrics/_classification.py:1561: UserWarning: Note that pos_label (set to 'Yes') is ignored when average != 'binary' (got 'weighted'). You may use labels=[pos_label] to specify a single positive class.
  warnings.warn(

2026-08-24 13:15:48,936:WARNING:/opt/anaconda3/envs/my_pycaret/lib/python3.10/site-packages/sklearn/metrics/_classification.py:1561: UserWarning: Note that pos_label (set to 'Yes') is ignored when average != 'binary' (got 'weighted'). You may use labels=[pos_label] to specify a single positive class.
  warnings.warn(

2026-08-24 13:15:48,936:WARNING:/opt/anaconda3/envs/my_pycaret/lib/python3.10/site-packages/sklearn/metrics/_classification.py:1509: UndefinedMetricWarning: Precision is ill-defined and being set to 0.0 in labels with no predicted samples. Use `zero_division` parameter to control this behavior.
  _warn_prf(average, modifier, f"{metric.capitalize()} is", len(result))

2026-08-24 13:15:48,936:WARNING:/opt/anaconda3/envs/my_pycaret/lib/python3.10/site-packages/sklearn/metrics/_classification.py:1561: UserWarning: Note that pos_label (set to 'Yes') is ignored when average != 'binary' (got 'weighted'). You may use labels=[pos_label] to specify a single positive class.
  warnings.warn(

2026-08-24 13:15:48,936:WARNING:/opt/anaconda3/envs/my_pycaret/lib/python3.10/site-packages/sklearn/metrics/_classification.py:1561: UserWarning: Note that pos_label (set to 'Yes') is ignored when average != 'binary' (got 'weighted'). You may use labels=[pos_label] to specify a single positive class.
  warnings.warn(

2026-08-24 13:15:48,937:WARNING:/opt/anaconda3/envs/my_pycaret/lib/python3.10/site-packages/sklearn/metrics/_classification.py:1561: UserWarning: Note that pos_label (set to 'Yes') is ignored when average != 'binary' (got 'weighted'). You may use labels=[pos_label] to specify a single positive class.
  warnings.warn(

2026-08-24 13:15:48,938:WARNING:/opt/anaconda3/envs/my_pycaret/lib/python3.10/site-packages/sklearn/metrics/_classification.py:1509: UndefinedMetricWarning: Precision is ill-defined and being set to 0.0 in labels with no predicted samples. Use `zero_division` parameter to control this behavior.
  _warn_prf(average, modifier, f"{metric.capitalize()} is", len(result))

2026-08-24 13:15:48,938:WARNING:/opt/anaconda3/envs/my_pycaret/lib/python3.10/site-packages/sklearn/metrics/_classification.py:1561: UserWarning: Note that pos_label (set to 'Yes') is ignored when average != 'binary' (got 'weighted'). You may use labels=[pos_label] to specify a single positive class.
  warnings.warn(

2026-08-24 13:15:48,944:INFO:Calculating mean and std
2026-08-24 13:15:48,945:INFO:Creating metrics dataframe
2026-08-24 13:15:48,946:INFO:Uploading results into container
2026-08-24 13:15:48,946:INFO:Uploading model into container now
2026-08-24 13:15:48,946:INFO:_master_model_container: 14
2026-08-24 13:15:48,946:INFO:_display_container: 2
2026-08-24 13:15:48,946:INFO:DummyClassifier(constant=None, random_state=123, strategy='prior')
2026-08-24 13:15:48,946:INFO:create_model() successfully completed......................................
2026-08-24 13:15:48,999:INFO:SubProcess create_model() end ==================================
2026-08-24 13:15:48,999:INFO:Creating metrics dataframe
2026-08-24 13:15:49,005:WARNING:/opt/anaconda3/envs/my_pycaret/lib/python3.10/site-packages/pycaret/internal/pycaret_experiment/supervised_experiment.py:323: FutureWarning: Styler.applymap has been deprecated. Use Styler.map instead.
  master_display_.apply(

2026-08-24 13:15:49,008:INFO:Initializing create_model()
2026-08-24 13:15:49,008:INFO:create_model(self=<pycaret.classification.oop.ClassificationExperiment object at 0x15e8629e0>, estimator=LGBMClassifier(boosting_type='gbdt', class_weight=None, colsample_bytree=1.0,
               importance_type='split', learning_rate=0.1, max_depth=-1,
               min_child_samples=20, min_child_weight=0.001, min_split_gain=0.0,
               n_estimators=100, n_jobs=-1, num_leaves=31, objective=None,
               random_state=123, reg_alpha=0.0, reg_lambda=0.0, subsample=1.0,
               subsample_for_bin=200000, subsample_freq=0), fold=StratifiedKFold(n_splits=10, random_state=None, shuffle=False), round=4, cross_validation=False, predict=False, fit_kwargs={}, groups=None, refit=True, probability_threshold=None, experiment_custom_tags=None, verbose=False, system=False, add_to_model_list=True, metrics=None, display=None, model_only=True, return_train_score=False, error_score=0.0, kwargs={})
2026-08-24 13:15:49,008:INFO:Checking exceptions
2026-08-24 13:15:49,009:INFO:Importing libraries
2026-08-24 13:15:49,009:INFO:Copying training dataset
2026-08-24 13:15:49,012:INFO:Defining folds
2026-08-24 13:15:49,012:INFO:Declaring metric variables
2026-08-24 13:15:49,012:INFO:Importing untrained model
2026-08-24 13:15:49,012:INFO:Declaring custom model
2026-08-24 13:15:49,013:INFO:Light Gradient Boosting Machine Imported successfully
2026-08-24 13:15:49,014:INFO:Cross validation set to False
2026-08-24 13:15:49,014:INFO:Fitting Model
2026-08-24 13:15:49,051:INFO:[LightGBM] [Info] Number of positive: 209, number of negative: 456
2026-08-24 13:15:49,052:INFO:[LightGBM] [Info] Auto-choosing row-wise multi-threading, the overhead of testing was 0.000217 seconds.
2026-08-24 13:15:49,052:INFO:You can set `force_row_wise=true` to remove the overhead.
2026-08-24 13:15:49,052:INFO:And if memory is not enough, you can set `force_col_wise=true`.
2026-08-24 13:15:49,052:INFO:[LightGBM] [Info] Total Bins 1646
2026-08-24 13:15:49,052:INFO:[LightGBM] [Info] Number of data points in the train set: 665, number of used features: 32
2026-08-24 13:15:49,052:INFO:[LightGBM] [Info] [binary:BoostFromScore]: pavg=0.314286 -> initscore=-0.780159
2026-08-24 13:15:49,052:INFO:[LightGBM] [Info] Start training from score -0.780159
2026-08-24 13:15:49,054:INFO:[LightGBM] [Warning] No further splits with positive gain, best gain: -inf
2026-08-24 13:15:49,055:INFO:[LightGBM] [Warning] No further splits with positive gain, best gain: -inf
2026-08-24 13:15:49,056:INFO:[LightGBM] [Warning] No further splits with positive gain, best gain: -inf
2026-08-24 13:15:49,057:INFO:[LightGBM] [Warning] No further splits with positive gain, best gain: -inf
2026-08-24 13:15:49,057:INFO:[LightGBM] [Warning] No further splits with positive gain, best gain: -inf
2026-08-24 13:15:49,059:INFO:[LightGBM] [Warning] No further splits with positive gain, best gain: -inf
2026-08-24 13:15:49,061:INFO:[LightGBM] [Warning] No further splits with positive gain, best gain: -inf
2026-08-24 13:15:49,062:INFO:[LightGBM] [Warning] No further splits with positive gain, best gain: -inf
2026-08-24 13:15:49,064:INFO:[LightGBM] [Warning] No further splits with positive gain, best gain: -inf
2026-08-24 13:15:49,066:INFO:[LightGBM] [Warning] No further splits with positive gain, best gain: -inf
2026-08-24 13:15:49,067:INFO:[LightGBM] [Warning] No further splits with positive gain, best gain: -inf
2026-08-24 13:15:49,069:INFO:[LightGBM] [Warning] No further splits with positive gain, best gain: -inf
2026-08-24 13:15:49,071:INFO:[LightGBM] [Warning] No further splits with positive gain, best gain: -inf
2026-08-24 13:15:49,072:INFO:[LightGBM] [Warning] No further splits with positive gain, best gain: -inf
2026-08-24 13:15:49,074:INFO:[LightGBM] [Warning] No further splits with positive gain, best gain: -inf
2026-08-24 13:15:49,076:INFO:[LightGBM] [Warning] No further splits with positive gain, best gain: -inf
2026-08-24 13:15:49,078:INFO:[LightGBM] [Warning] No further splits with positive gain, best gain: -inf
2026-08-24 13:15:49,080:INFO:[LightGBM] [Warning] No further splits with positive gain, best gain: -inf
2026-08-24 13:15:49,081:INFO:[LightGBM] [Warning] No further splits with positive gain, best gain: -inf
2026-08-24 13:15:49,083:INFO:[LightGBM] [Warning] No further splits with positive gain, best gain: -inf
2026-08-24 13:15:49,085:INFO:[LightGBM] [Warning] No further splits with positive gain, best gain: -inf
2026-08-24 13:15:49,087:INFO:[LightGBM] [Warning] No further splits with positive gain, best gain: -inf
2026-08-24 13:15:49,088:INFO:[LightGBM] [Warning] No further splits with positive gain, best gain: -inf
2026-08-24 13:15:49,090:INFO:[LightGBM] [Warning] No further splits with positive gain, best gain: -inf
2026-08-24 13:15:49,091:INFO:[LightGBM] [Warning] No further splits with positive gain, best gain: -inf
2026-08-24 13:15:49,093:INFO:[LightGBM] [Warning] No further splits with positive gain, best gain: -inf
2026-08-24 13:15:49,094:INFO:[LightGBM] [Warning] No further splits with positive gain, best gain: -inf
2026-08-24 13:15:49,096:INFO:[LightGBM] [Warning] No further splits with positive gain, best gain: -inf
2026-08-24 13:15:49,097:INFO:[LightGBM] [Warning] No further splits with positive gain, best gain: -inf
2026-08-24 13:15:49,099:INFO:[LightGBM] [Warning] No further splits with positive gain, best gain: -inf
2026-08-24 13:15:49,100:INFO:[LightGBM] [Warning] No further splits with positive gain, best gain: -inf
2026-08-24 13:15:49,102:INFO:[LightGBM] [Warning] No further splits with positive gain, best gain: -inf
2026-08-24 13:15:49,104:INFO:[LightGBM] [Warning] No further splits with positive gain, best gain: -inf
2026-08-24 13:15:49,106:INFO:[LightGBM] [Warning] No further splits with positive gain, best gain: -inf
2026-08-24 13:15:49,109:INFO:[LightGBM] [Warning] No further splits with positive gain, best gain: -inf
2026-08-24 13:15:49,111:INFO:[LightGBM] [Warning] No further splits with positive gain, best gain: -inf
2026-08-24 13:15:49,113:INFO:[LightGBM] [Warning] No further splits with positive gain, best gain: -inf
2026-08-24 13:15:49,115:INFO:[LightGBM] [Warning] No further splits with positive gain, best gain: -inf
2026-08-24 13:15:49,117:INFO:[LightGBM] [Warning] No further splits with positive gain, best gain: -inf
2026-08-24 13:15:49,119:INFO:[LightGBM] [Warning] No further splits with positive gain, best gain: -inf
2026-08-24 13:15:49,121:INFO:[LightGBM] [Warning] No further splits with positive gain, best gain: -inf
2026-08-24 13:15:49,123:INFO:[LightGBM] [Warning] No further splits with positive gain, best gain: -inf
2026-08-24 13:15:49,125:INFO:[LightGBM] [Warning] No further splits with positive gain, best gain: -inf
2026-08-24 13:15:49,128:INFO:[LightGBM] [Warning] No further splits with positive gain, best gain: -inf
2026-08-24 13:15:49,131:INFO:[LightGBM] [Warning] No further splits with positive gain, best gain: -inf
2026-08-24 13:15:49,134:INFO:[LightGBM] [Warning] No further splits with positive gain, best gain: -inf
2026-08-24 13:15:49,136:INFO:[LightGBM] [Warning] No further splits with positive gain, best gain: -inf
2026-08-24 13:15:49,139:INFO:[LightGBM] [Warning] No further splits with positive gain, best gain: -inf
2026-08-24 13:15:49,142:INFO:[LightGBM] [Warning] No further splits with positive gain, best gain: -inf
2026-08-24 13:15:49,145:INFO:[LightGBM] [Warning] No further splits with positive gain, best gain: -inf
2026-08-24 13:15:49,148:INFO:[LightGBM] [Warning] No further splits with positive gain, best gain: -inf
2026-08-24 13:15:49,151:INFO:[LightGBM] [Warning] No further splits with positive gain, best gain: -inf
2026-08-24 13:15:49,154:INFO:[LightGBM] [Warning] No further splits with positive gain, best gain: -inf
2026-08-24 13:15:49,156:INFO:[LightGBM] [Warning] No further splits with positive gain, best gain: -inf
2026-08-24 13:15:49,159:INFO:[LightGBM] [Warning] No further splits with positive gain, best gain: -inf
2026-08-24 13:15:49,163:INFO:[LightGBM] [Warning] No further splits with positive gain, best gain: -inf
2026-08-24 13:15:49,166:INFO:[LightGBM] [Warning] No further splits with positive gain, best gain: -inf
2026-08-24 13:15:49,168:INFO:[LightGBM] [Warning] No further splits with positive gain, best gain: -inf
2026-08-24 13:15:49,172:INFO:[LightGBM] [Warning] No further splits with positive gain, best gain: -inf
2026-08-24 13:15:49,174:INFO:[LightGBM] [Warning] No further splits with positive gain, best gain: -inf
2026-08-24 13:15:49,177:INFO:[LightGBM] [Warning] No further splits with positive gain, best gain: -inf
2026-08-24 13:15:49,180:INFO:[LightGBM] [Warning] No further splits with positive gain, best gain: -inf
2026-08-24 13:15:49,183:INFO:[LightGBM] [Warning] No further splits with positive gain, best gain: -inf
2026-08-24 13:15:49,185:INFO:[LightGBM] [Warning] No further splits with positive gain, best gain: -inf
2026-08-24 13:15:49,188:INFO:[LightGBM] [Warning] No further splits with positive gain, best gain: -inf
2026-08-24 13:15:49,191:INFO:[LightGBM] [Warning] No further splits with positive gain, best gain: -inf
2026-08-24 13:15:49,195:INFO:[LightGBM] [Warning] No further splits with positive gain, best gain: -inf
2026-08-24 13:15:49,198:INFO:[LightGBM] [Warning] No further splits with positive gain, best gain: -inf
2026-08-24 13:15:49,201:INFO:[LightGBM] [Warning] No further splits with positive gain, best gain: -inf
2026-08-24 13:15:49,204:INFO:[LightGBM] [Warning] No further splits with positive gain, best gain: -inf
2026-08-24 13:15:49,208:INFO:[LightGBM] [Warning] No further splits with positive gain, best gain: -inf
2026-08-24 13:15:49,211:INFO:[LightGBM] [Warning] No further splits with positive gain, best gain: -inf
2026-08-24 13:15:49,214:INFO:[LightGBM] [Warning] No further splits with positive gain, best gain: -inf
2026-08-24 13:15:49,216:INFO:[LightGBM] [Warning] No further splits with positive gain, best gain: -inf
2026-08-24 13:15:49,219:INFO:[LightGBM] [Warning] No further splits with positive gain, best gain: -inf
2026-08-24 13:15:49,222:INFO:[LightGBM] [Warning] No further splits with positive gain, best gain: -inf
2026-08-24 13:15:49,225:INFO:[LightGBM] [Warning] No further splits with positive gain, best gain: -inf
2026-08-24 13:15:49,229:INFO:[LightGBM] [Warning] No further splits with positive gain, best gain: -inf
2026-08-24 13:15:49,232:INFO:[LightGBM] [Warning] No further splits with positive gain, best gain: -inf
2026-08-24 13:15:49,235:INFO:[LightGBM] [Warning] No further splits with positive gain, best gain: -inf
2026-08-24 13:15:49,238:INFO:[LightGBM] [Warning] No further splits with positive gain, best gain: -inf
2026-08-24 13:15:49,241:INFO:[LightGBM] [Warning] No further splits with positive gain, best gain: -inf
2026-08-24 13:15:49,244:INFO:[LightGBM] [Warning] No further splits with positive gain, best gain: -inf
2026-08-24 13:15:49,247:INFO:[LightGBM] [Warning] No further splits with positive gain, best gain: -inf
2026-08-24 13:15:49,250:INFO:[LightGBM] [Warning] No further splits with positive gain, best gain: -inf
2026-08-24 13:15:49,253:INFO:[LightGBM] [Warning] No further splits with positive gain, best gain: -inf
2026-08-24 13:15:49,256:INFO:[LightGBM] [Warning] No further splits with positive gain, best gain: -inf
2026-08-24 13:15:49,259:INFO:[LightGBM] [Warning] No further splits with positive gain, best gain: -inf
2026-08-24 13:15:49,263:INFO:[LightGBM] [Warning] No further splits with positive gain, best gain: -inf
2026-08-24 13:15:49,266:INFO:[LightGBM] [Warning] No further splits with positive gain, best gain: -inf
2026-08-24 13:15:49,277:INFO:[LightGBM] [Warning] No further splits with positive gain, best gain: -inf
2026-08-24 13:15:49,287:INFO:[LightGBM] [Warning] No further splits with positive gain, best gain: -inf
2026-08-24 13:15:49,290:INFO:[LightGBM] [Warning] No further splits with positive gain, best gain: -inf
2026-08-24 13:15:49,293:INFO:[LightGBM] [Warning] No further splits with positive gain, best gain: -inf
2026-08-24 13:15:49,296:INFO:[LightGBM] [Warning] No further splits with positive gain, best gain: -inf
2026-08-24 13:15:49,300:INFO:[LightGBM] [Warning] No further splits with positive gain, best gain: -inf
2026-08-24 13:15:49,302:INFO:LGBMClassifier(boosting_type='gbdt', class_weight=None, colsample_bytree=1.0,
               importance_type='split', learning_rate=0.1, max_depth=-1,
               min_child_samples=20, min_child_weight=0.001, min_split_gain=0.0,
               n_estimators=100, n_jobs=-1, num_leaves=31, objective=None,
               random_state=123, reg_alpha=0.0, reg_lambda=0.0, subsample=1.0,
               subsample_for_bin=200000, subsample_freq=0)
2026-08-24 13:15:49,302:INFO:create_model() successfully completed......................................
2026-08-24 13:15:49,363:INFO:_master_model_container: 14
2026-08-24 13:15:49,363:INFO:_display_container: 2
2026-08-24 13:15:49,364:INFO:LGBMClassifier(boosting_type='gbdt', class_weight=None, colsample_bytree=1.0,
               importance_type='split', learning_rate=0.1, max_depth=-1,
               min_child_samples=20, min_child_weight=0.001, min_split_gain=0.0,
               n_estimators=100, n_jobs=-1, num_leaves=31, objective=None,
               random_state=123, reg_alpha=0.0, reg_lambda=0.0, subsample=1.0,
               subsample_for_bin=200000, subsample_freq=0)
2026-08-24 13:15:49,364:INFO:compare_models() successfully completed......................................
2026-08-24 13:20:51,210:INFO:Soft dependency imported: gradio: 6.25.0
2026-08-24 13:23:16,566:INFO:Initializing predict_model()
2026-08-24 13:23:16,566:INFO:predict_model(self=<pycaret.classification.oop.ClassificationExperiment object at 0x15e8629e0>, estimator=LGBMClassifier(n_jobs=-1, random_state=123), probability_threshold=None, encoded_labels=False, raw_score=True, round=4, verbose=True, ml_usecase=None, preprocess=True, encode_labels=<function _SupervisedExperiment.predict_model.<locals>.encode_labels at 0x16a09f5b0>)
2026-08-24 13:23:16,566:INFO:Checking exceptions
2026-08-24 13:23:16,566:INFO:Preloading libraries
2026-08-24 13:23:16,569:INFO:Set up data.
2026-08-24 13:23:16,576:INFO:Set up index.
2026-08-24 13:23:18,951:INFO:Initializing predict_model()
2026-08-24 13:23:18,951:INFO:predict_model(self=<pycaret.classification.oop.ClassificationExperiment object at 0x15e8629e0>, estimator=LGBMClassifier(n_jobs=-1, random_state=123), probability_threshold=None, encoded_labels=False, raw_score=True, round=4, verbose=True, ml_usecase=None, preprocess=True, encode_labels=<function _SupervisedExperiment.predict_model.<locals>.encode_labels at 0x16a09fd00>)
2026-08-24 13:23:18,951:INFO:Checking exceptions
2026-08-24 13:23:18,951:INFO:Preloading libraries
2026-08-24 13:23:18,955:INFO:Set up data.
2026-08-24 13:23:18,963:INFO:Set up index.
2026-08-24 13:30:34,690:WARNING:/opt/anaconda3/envs/my_pycaret/lib/python3.10/asyncio/base_events.py:674: RuntimeWarning: coroutine '_async_in_context.<locals>.run_in_context_pre311' was never awaited
  self._ready.clear()

2026-08-24 13:35:12,237:INFO:Initializing save_model()
2026-08-24 13:35:12,237:INFO:save_model(model=LGBMClassifier(boosting_type='gbdt', class_weight=None, colsample_bytree=1.0,
               importance_type='split', learning_rate=0.1, max_depth=-1,
               min_child_samples=20, min_child_weight=0.001, min_split_gain=0.0,
               n_estimators=100, n_jobs=-1, num_leaves=31, objective=None,
               random_state=123, reg_alpha=0.0, reg_lambda=0.0, subsample=1.0,
               subsample_for_bin=200000, subsample_freq=0), model_name=loan_pipeline_model, prep_pipe_=Pipeline(memory=FastMemory(location=/var/folders/hk/9hpyz9ss1j9cykxdk1pcbhj00000gn/T/joblib),
         steps=[('label_encoding',
                 TransformerWrapperWithInverse(exclude=None, include=None,
                                               transformer=LabelEncoder())),
                ('numerical_imputer',
                 TransformerWrapper(exclude=None,
                                    include=['Applicant_ID', 'Applicant_Income',
                                             'Coapplicant_Income', 'Age',
                                             'Dependents', 'Credit_Sco...
                 TransformerWrapper(exclude=None,
                                    include=['Employment_Status',
                                             'Loan_Purpose', 'Property_Area',
                                             'Employer_Category'],
                                    transformer=OneHotEncoder(cols=['Employment_Status',
                                                                    'Loan_Purpose',
                                                                    'Property_Area',
                                                                    'Employer_Category'],
                                                              drop_invariant=False,
                                                              handle_missing='return_nan',
                                                              handle_unknown='value',
                                                              return_df=True,
                                                              use_cat_names=True,
                                                              verbose=0)))],
         verbose=False), verbose=True, use_case=MLUsecase.CLASSIFICATION, kwargs={})
2026-08-24 13:35:12,237:INFO:Adding model into prep_pipe
2026-08-24 13:35:12,252:INFO:loan_pipeline_model.pkl saved in current working directory
2026-08-24 13:35:12,269:INFO:Pipeline(memory=Memory(location=None),
         steps=[('label_encoding',
                 TransformerWrapperWithInverse(exclude=None, include=None,
                                               transformer=LabelEncoder())),
                ('numerical_imputer',
                 TransformerWrapper(exclude=None,
                                    include=['Applicant_ID', 'Applicant_Income',
                                             'Coapplicant_Income', 'Age',
                                             'Dependents', 'Credit_Score',
                                             'Existing_Loans', 'DTI_Ratio',
                                             'Savings', 'Collateral_...
                 LGBMClassifier(boosting_type='gbdt', class_weight=None,
                                colsample_bytree=1.0, importance_type='split',
                                learning_rate=0.1, max_depth=-1,
                                min_child_samples=20, min_child_weight=0.001,
                                min_split_gain=0.0, n_estimators=100, n_jobs=-1,
                                num_leaves=31, objective=None, random_state=123,
                                reg_alpha=0.0, reg_lambda=0.0, subsample=1.0,
                                subsample_for_bin=200000, subsample_freq=0))],
         verbose=False)
2026-08-24 13:35:12,269:INFO:save_model() successfully completed......................................
2026-08-24 13:36:01,124:INFO:Initializing load_model()
2026-08-24 13:36:01,124:INFO:load_model(model_name=loan_pipeline_model, platform=None, authentication=None, verbose=True)
2026-08-24 13:52:22,946:INFO:Initializing save_model()
2026-08-24 13:52:22,947:INFO:save_model(model=LGBMClassifier(boosting_type='gbdt', class_weight=None, colsample_bytree=1.0,
               importance_type='split', learning_rate=0.1, max_depth=-1,
               min_child_samples=20, min_child_weight=0.001, min_split_gain=0.0,
               n_estimators=100, n_jobs=-1, num_leaves=31, objective=None,
               random_state=123, reg_alpha=0.0, reg_lambda=0.0, subsample=1.0,
               subsample_for_bin=200000, subsample_freq=0), model_name=loan_pipeline_model, prep_pipe_=Pipeline(memory=FastMemory(location=/var/folders/hk/9hpyz9ss1j9cykxdk1pcbhj00000gn/T/joblib),
         steps=[('label_encoding',
                 TransformerWrapperWithInverse(exclude=None, include=None,
                                               transformer=LabelEncoder())),
                ('numerical_imputer',
                 TransformerWrapper(exclude=None,
                                    include=['Applicant_ID', 'Applicant_Income',
                                             'Coapplicant_Income', 'Age',
                                             'Dependents', 'Credit_Sco...
                 TransformerWrapper(exclude=None,
                                    include=['Employment_Status',
                                             'Loan_Purpose', 'Property_Area',
                                             'Employer_Category'],
                                    transformer=OneHotEncoder(cols=['Employment_Status',
                                                                    'Loan_Purpose',
                                                                    'Property_Area',
                                                                    'Employer_Category'],
                                                              drop_invariant=False,
                                                              handle_missing='return_nan',
                                                              handle_unknown='value',
                                                              return_df=True,
                                                              use_cat_names=True,
                                                              verbose=0)))],
         verbose=False), verbose=True, use_case=MLUsecase.CLASSIFICATION, kwargs={})
2026-08-24 13:52:22,948:INFO:Adding model into prep_pipe
2026-08-24 13:52:22,974:INFO:loan_pipeline_model.pkl saved in current working directory
2026-08-24 13:52:22,987:INFO:Pipeline(memory=Memory(location=None),
         steps=[('label_encoding',
                 TransformerWrapperWithInverse(exclude=None, include=None,
                                               transformer=LabelEncoder())),
                ('numerical_imputer',
                 TransformerWrapper(exclude=None,
                                    include=['Applicant_ID', 'Applicant_Income',
                                             'Coapplicant_Income', 'Age',
                                             'Dependents', 'Credit_Score',
                                             'Existing_Loans', 'DTI_Ratio',
                                             'Savings', 'Collateral_...
                 LGBMClassifier(boosting_type='gbdt', class_weight=None,
                                colsample_bytree=1.0, importance_type='split',
                                learning_rate=0.1, max_depth=-1,
                                min_child_samples=20, min_child_weight=0.001,
                                min_split_gain=0.0, n_estimators=100, n_jobs=-1,
                                num_leaves=31, objective=None, random_state=123,
                                reg_alpha=0.0, reg_lambda=0.0, subsample=1.0,
                                subsample_for_bin=200000, subsample_freq=0))],
         verbose=False)
2026-08-24 13:52:22,987:INFO:save_model() successfully completed......................................
